Row Labels,Sum of SrcWgtAvgGoldstein,Sum of SrcWeightAvgTone
1/1/2013,0.000,0.000
1/6/2013,-2.000,-4.206
1/7/2013,1.500,3.562
1/9/2013,8.000,-1.538
1/19/2013,-4.000,-3.812
1/21/2013,3.000,2.204
1/22/2013,3.000,2.198
1/26/2013,1.667,5.275
2/14/2013,1.900,-1.532
2/19/2013,0.000,6.367
3/1/2013,0.000,-5.383
3/5/2013,1.900,-0.231
3/12/2013,5.000,-0.955
3/16/2013,7.000,1.351
3/18/2013,-4.000,-1.748
3/19/2013,3.400,2.036
3/20/2013,3.000,-4.724
3/21/2013,7.000,2.556
3/26/2013,-9.500,-5.581
3/29/2013,7.000,-3.137
3/31/2013,3.400,5.330
4/5/2013,-4.000,1.622
4/8/2013,7.000,-3.387
4/13/2013,1.500,-1.760
4/14/2013,8.000,1.111
4/16/2013,5.000,-0.535
4/17/2013,2.133,0.076
4/20/2013,8.000,1.149
4/21/2013,1.000,-4.127
4/23/2013,3.400,2.362
4/25/2013,-2.000,-8.556
4/26/2013,-2.000,-8.889
4/28/2013,-2.000,1.653
5/1/2013,7.000,-1.653
5/12/2013,0.000,0.305
5/13/2013,0.000,0.242
5/15/2013,7.000,-3.354
5/16/2013,0.000,-8.163
5/21/2013,5.667,0.382
5/24/2013,7.000,2.326
5/28/2013,4.500,-1.588
5/29/2013,3.400,4.167
6/5/2013,0.280,-1.011
6/6/2013,3.400,4.556
6/7/2013,-6.500,-1.630
6/8/2013,-6.500,-0.325
6/10/2013,0.000,3.960
6/11/2013,3.400,0.000
6/14/2013,0.400,-3.261
6/15/2013,2.080,4.851
6/20/2013,3.700,-2.178
6/28/2013,3.400,4.242
7/2/2013,3.400,3.008
7/4/2013,3.400,4.240
7/5/2013,3.400,4.240
7/6/2013,0.720,0.566
7/7/2013,1.000,2.498
7/8/2013,1.567,1.119
7/15/2013,-4.000,2.972
7/16/2013,0.000,-5.645
7/18/2013,2.700,-0.915
7/20/2013,-10.000,-2.745
7/21/2013,7.000,-5.707
7/22/2013,3.400,4.795
7/27/2013,0.000,-9.489
7/29/2013,-2.000,-2.666
7/30/2013,6.400,0.000
8/2/2013,6.400,0.000
8/19/2013,7.400,2.152
8/20/2013,-5.000,0.735
8/23/2013,3.000,-4.366
8/24/2013,-5.000,4.857
8/29/2013,0.000,1.775
8/30/2013,0.000,1.775
8/31/2013,2.800,-4.196
9/7/2013,-2.000,-2.646
9/13/2013,3.000,1.536
9/20/2013,3.400,-0.150
9/30/2013,7.000,2.521
10/1/2013,7.000,2.521
10/9/2013,8.000,-4.042
10/18/2013,3.000,-6.250
10/20/2013,0.000,7.401
10/21/2013,-10.000,-2.524
10/24/2013,7.400,-4.545
10/31/2013,3.257,-2.176
11/1/2013,2.350,-1.601
11/2/2013,0.000,1.361
11/9/2013,7.400,1.471
11/15/2013,3.400,-0.296
11/19/2013,-4.000,3.059
11/22/2013,8.300,-2.903
11/23/2013,3.000,3.097
11/26/2013,5.000,1.229
11/27/2013,4.667,-6.208
11/29/2013,5.000,-6.316
12/4/2013,-7.200,1.600
12/7/2013,1.000,-0.716
12/8/2013,1.000,-1.712
12/10/2013,-0.400,-3.714
12/13/2013,5.000,-2.597
12/16/2013,8.000,4.707
12/20/2013,3.400,4.158
12/21/2013,1.500,-4.910
12/31/2013,0.000,-3.727
1/4/2014,-2.000,-1.703
1/6/2014,-3.250,-1.093
1/10/2014,0.000,-1.118
1/14/2014,1.500,2.094
1/20/2014,5.700,5.139
1/21/2014,7.400,10.000
1/22/2014,-2.000,4.416
1/26/2014,0.500,3.464
1/27/2014,0.400,2.339
1/28/2014,-0.400,0.000
2/2/2014,3.400,-2.121
2/3/2014,-2.000,2.326
2/7/2014,3.400,-3.997
2/11/2014,2.800,2.557
2/12/2014,0.700,9.143
2/18/2014,-4.760,-3.061
2/19/2014,0.912,0.026
2/20/2014,-0.423,-1.532
2/21/2014,-0.210,-2.182
2/22/2014,0.686,-1.592
2/23/2014,-0.095,-0.662
2/24/2014,1.124,-2.199
2/25/2014,1.795,-1.247
2/26/2014,1.081,-0.813
2/27/2014,-1.172,-1.955
2/28/2014,0.713,-1.759
3/1/2014,2.588,1.043
3/2/2014,0.549,-1.502
3/3/2014,0.187,0.277
3/4/2014,-1.162,-1.824
3/5/2014,-0.656,-1.573
3/6/2014,0.738,-1.386
3/7/2014,-0.920,0.219
3/8/2014,0.720,-0.906
3/9/2014,0.590,-0.951
3/10/2014,1.356,-1.478
3/11/2014,0.281,-2.098
3/12/2014,0.512,-0.880
3/13/2014,2.237,-0.232
3/14/2014,1.531,-1.316
3/15/2014,2.798,-1.005
3/16/2014,1.884,-1.066
3/17/2014,1.864,0.149
3/18/2014,-0.373,-0.373
3/19/2014,1.760,-0.756
3/20/2014,2.067,-1.108
3/21/2014,1.102,-1.182
3/22/2014,-0.140,-1.028
3/23/2014,-1.536,-2.646
3/24/2014,1.500,-1.706
3/25/2014,3.078,-2.735
3/26/2014,2.029,-1.461
3/27/2014,1.257,-1.654
3/28/2014,-0.462,-1.351
3/29/2014,2.226,-0.516
3/30/2014,0.268,-2.526
3/31/2014,-0.170,-1.075
4/1/2014,1.647,-0.573
4/2/2014,1.611,0.334
4/3/2014,1.198,-0.963
4/4/2014,1.556,-1.416
4/5/2014,0.520,-0.643
4/6/2014,2.031,-1.256
4/7/2014,-0.299,-2.889
4/8/2014,-0.285,-2.472
4/9/2014,-0.061,-1.441
4/10/2014,2.970,0.574
4/11/2014,0.737,-0.297
4/12/2014,0.217,-0.984
4/13/2014,-0.577,-2.486
4/14/2014,-0.175,-0.867
4/15/2014,0.437,-1.644
4/16/2014,-0.193,-1.113
4/17/2014,1.536,-2.069
4/18/2014,0.802,-1.230
4/19/2014,-0.333,-0.757
4/20/2014,2.336,-3.155
4/21/2014,0.364,-2.668
4/22/2014,1.329,-1.507
4/23/2014,-1.586,-1.521
4/24/2014,0.270,-1.904
4/25/2014,1.057,-0.422
4/26/2014,1.095,-1.048
4/27/2014,-1.418,-1.037
4/28/2014,-1.658,-2.344
4/29/2014,0.076,-2.008
4/30/2014,1.525,-0.620
5/1/2014,-0.380,-0.211
5/2/2014,-1.253,-1.530
5/3/2014,-1.443,-1.538
5/4/2014,0.365,-1.489
5/5/2014,1.223,-1.552
5/6/2014,2.952,-0.702
5/7/2014,1.003,-1.401
5/8/2014,0.913,-1.168
5/9/2014,0.860,-0.129
5/10/2014,2.688,0.136
5/11/2014,0.139,-1.200
5/12/2014,-1.811,-3.197
5/13/2014,-0.139,-1.298
5/14/2014,-0.358,-1.327
5/15/2014,0.990,-0.285
5/16/2014,0.603,-1.544
5/17/2014,0.053,-1.657
5/18/2014,-1.196,-2.236
5/19/2014,-0.576,-1.521
5/20/2014,0.678,-1.384
5/21/2014,1.603,-0.062
5/22/2014,0.341,-0.599
5/23/2014,0.852,0.135
5/24/2014,-0.568,-4.321
5/25/2014,1.024,-1.471
5/26/2014,0.533,0.122
5/27/2014,0.473,0.220
5/28/2014,1.137,-0.290
5/29/2014,2.231,-0.035
5/30/2014,0.819,1.240
5/31/2014,-1.841,-2.934
6/1/2014,-0.567,-1.387
6/2/2014,0.703,-0.579
6/3/2014,2.514,-0.096
6/4/2014,2.010,-1.254
6/5/2014,2.407,-0.368
6/6/2014,0.446,-1.477
6/7/2014,2.464,-0.209
6/8/2014,1.816,-0.499
6/9/2014,2.391,-0.829
6/10/2014,0.689,-0.769
6/11/2014,1.763,-0.178
6/12/2014,1.140,-2.299
6/13/2014,-0.495,-0.478
6/14/2014,-0.012,-2.622
6/15/2014,-1.236,-2.593
6/16/2014,1.213,-1.283
6/17/2014,0.352,-1.432
6/18/2014,1.328,-1.356
6/19/2014,3.326,0.587
6/20/2014,1.155,-1.071
6/21/2014,-3.200,-1.824
6/22/2014,-0.158,-1.110
6/23/2014,0.965,-1.006
6/24/2014,2.449,0.027
6/25/2014,2.109,0.370
6/26/2014,1.281,-0.011
6/27/2014,0.993,-0.446
6/28/2014,1.858,0.541
6/29/2014,-0.410,-1.429
6/30/2014,-0.284,-1.163
7/1/2014,1.647,-1.459
7/2/2014,2.086,-0.290
7/3/2014,0.933,-0.676
7/4/2014,1.223,-1.632
7/5/2014,0.138,0.143
7/6/2014,1.456,-1.059
7/7/2014,2.298,-0.529
7/8/2014,3.665,-2.000
7/9/2014,-0.531,-0.414
7/10/2014,1.264,-0.204
7/11/2014,0.617,-2.458
7/12/2014,0.010,-2.534
7/13/2014,-0.794,-2.019
7/14/2014,0.854,-0.755
7/15/2014,0.561,-0.418
7/16/2014,0.449,-0.354
7/17/2014,0.793,-0.088
7/18/2014,1.766,-2.593
7/19/2014,2.782,-0.705
7/20/2014,1.157,-0.324
7/21/2014,1.359,-2.158
7/22/2014,1.315,-0.885
7/23/2014,0.463,-0.067
7/24/2014,2.114,2.240
7/25/2014,0.357,-2.427
7/26/2014,0.737,1.128
7/27/2014,2.982,-1.610
7/28/2014,2.943,-1.423
7/29/2014,1.599,-0.115
7/30/2014,1.071,-0.553
7/31/2014,0.760,-1.574
8/1/2014,0.780,-3.555
8/2/2014,0.764,-1.256
8/3/2014,0.783,-0.379
8/4/2014,0.036,-1.141
8/5/2014,1.672,-1.116
8/6/2014,0.754,-2.549
8/7/2014,-0.161,-0.688
8/8/2014,1.915,-1.525
8/9/2014,0.663,-1.695
8/10/2014,-0.187,-1.206
8/11/2014,-1.331,-1.997
8/12/2014,0.732,-2.231
8/13/2014,0.667,-1.242
8/14/2014,-0.217,0.416
8/15/2014,2.720,1.032
8/16/2014,0.585,-0.853
8/17/2014,0.719,-1.227
8/18/2014,1.337,0.286
8/19/2014,2.530,0.272
8/20/2014,-1.647,-1.799
8/21/2014,0.254,-0.853
8/22/2014,1.996,-2.791
8/23/2014,0.942,0.380
8/24/2014,1.857,-2.861
8/25/2014,0.771,-1.168
8/26/2014,0.433,-0.746
8/27/2014,0.866,-0.194
8/28/2014,1.687,-1.024
8/29/2014,2.085,-0.904
8/30/2014,2.657,-0.070
8/31/2014,0.926,-2.569
9/1/2014,2.414,-1.193
9/2/2014,1.206,-0.561
9/3/2014,1.480,-0.501
9/4/2014,1.663,-2.066
9/5/2014,2.896,-2.118
9/6/2014,0.947,-1.539
9/7/2014,-0.289,-2.164
9/8/2014,0.974,-0.715
9/9/2014,0.932,-1.674
9/10/2014,1.357,-1.360
9/11/2014,1.458,-2.174
9/12/2014,1.162,-0.039
9/13/2014,0.065,-1.584
9/14/2014,2.236,-1.243
9/15/2014,1.701,-1.064
9/16/2014,2.253,-1.149
9/17/2014,1.474,-0.084
9/18/2014,0.017,-1.390
9/19/2014,2.283,-0.130
9/20/2014,2.438,-1.281
9/21/2014,2.142,-0.556
9/22/2014,1.749,-0.205
9/23/2014,1.465,-0.782
9/24/2014,0.467,-1.160
9/25/2014,1.759,-1.100
9/26/2014,0.397,-0.727
9/27/2014,0.818,0.354
9/28/2014,1.479,0.292
9/29/2014,1.111,-1.179
9/30/2014,1.340,-1.243
10/1/2014,2.599,0.359
10/2/2014,1.173,-2.633
10/3/2014,1.866,-0.357
10/4/2014,1.102,-2.007
10/5/2014,0.760,-1.535
10/6/2014,0.894,-0.262
10/7/2014,-1.430,-2.268
10/8/2014,2.082,-0.340
10/9/2014,1.708,-1.318
10/10/2014,0.383,0.005
10/11/2014,-0.931,-1.912
10/12/2014,2.159,-0.422
10/13/2014,-0.392,-2.081
10/14/2014,1.543,-1.871
10/15/2014,2.816,0.499
10/16/2014,1.770,-1.807
10/17/2014,-0.502,-1.443
10/18/2014,3.035,-0.671
10/19/2014,1.513,-1.221
10/20/2014,0.453,-1.803
10/21/2014,0.600,0.487
10/22/2014,-9.000,-4.494
10/23/2014,0.624,-0.309
10/24/2014,2.474,-1.494
10/25/2014,1.217,-0.827
10/26/2014,1.910,-2.050
10/27/2014,1.616,-0.151
10/28/2014,1.983,-0.821
10/29/2014,1.253,-0.889
10/30/2014,1.260,-1.134
10/31/2014,0.157,-1.993
11/1/2014,1.408,-0.359
11/2/2014,1.067,-0.180
11/3/2014,1.804,-0.346
11/4/2014,1.339,-1.050
11/5/2014,0.318,-1.356
11/6/2014,0.443,-1.773
11/7/2014,0.805,0.405
11/8/2014,1.342,-0.671
11/9/2014,2.196,-0.750
11/10/2014,0.960,-1.420
11/11/2014,2.248,-0.459
11/12/2014,0.821,-1.298
11/13/2014,1.269,-1.400
11/14/2014,2.928,-1.503
11/15/2014,0.797,-0.489
11/16/2014,2.376,0.461
11/17/2014,0.732,0.042
11/18/2014,1.282,-1.024
11/19/2014,1.658,-1.891
11/20/2014,1.942,-1.071
11/21/2014,1.278,-1.238
11/22/2014,0.322,-2.290
11/23/2014,0.810,-1.113
11/24/2014,0.665,-1.748
11/25/2014,1.540,-0.868
11/26/2014,1.538,-0.899
11/27/2014,3.059,0.017
11/28/2014,0.095,-1.786
11/29/2014,3.292,-1.543
11/30/2014,1.915,-0.973
12/1/2014,0.803,-1.377
12/2/2014,-1.551,-0.943
12/3/2014,1.869,0.346
12/4/2014,-0.633,-1.016
12/5/2014,0.836,-1.296
12/6/2014,1.148,-0.807
12/7/2014,1.020,-1.355
12/8/2014,2.483,-0.106
12/9/2014,1.021,0.057
12/10/2014,0.783,0.048
12/11/2014,1.502,-0.708
12/12/2014,0.798,-1.051
12/13/2014,1.703,0.581
12/14/2014,1.890,-0.930
12/15/2014,2.477,0.404
12/16/2014,1.297,-0.492
12/17/2014,2.026,-2.050
12/18/2014,1.998,0.389
12/19/2014,2.630,-0.578
12/20/2014,0.546,-0.920
12/21/2014,1.279,-0.469
12/22/2014,1.975,-0.909
12/23/2014,1.134,-0.728
12/24/2014,0.396,-0.635
12/25/2014,1.689,-1.220
12/26/2014,1.036,-0.986
12/27/2014,0.029,-4.643
12/28/2014,-0.533,-2.954
12/29/2014,0.132,-1.156
12/30/2014,2.614,-0.013
12/31/2014,2.453,0.432
1/1/2015,-0.039,-2.060
1/2/2015,0.222,-1.918
1/3/2015,-2.708,0.314
1/4/2015,0.773,-0.636
1/5/2015,0.178,-1.816
1/6/2015,-0.208,-2.471
1/7/2015,-0.473,-1.844
1/8/2015,-0.673,-2.656
1/9/2015,-0.363,-1.829
1/10/2015,-0.634,-1.707
1/11/2015,-0.368,-1.969
1/12/2015,0.099,-1.422
1/13/2015,0.494,-0.671
1/14/2015,1.264,-0.338
1/15/2015,-0.355,-1.516
1/16/2015,1.016,0.641
1/17/2015,1.194,0.015
1/18/2015,1.234,-0.382
1/19/2015,1.636,-1.396
1/20/2015,-0.004,-2.253
1/21/2015,0.214,-1.711
1/22/2015,-0.731,-1.826
1/23/2015,0.199,-0.020
1/24/2015,2.169,0.076
1/25/2015,1.060,-1.335
1/26/2015,0.359,-2.348
1/27/2015,0.850,-0.957
1/28/2015,0.148,-0.917
1/29/2015,-0.286,-3.001
1/30/2015,0.521,-2.539
1/31/2015,-1.795,-3.227
2/1/2015,3.596,-1.981
2/2/2015,1.820,-0.463
2/3/2015,0.225,-1.099
2/4/2015,-1.564,-0.912
2/5/2015,1.826,-1.268
2/6/2015,0.960,0.243
2/7/2015,-1.433,-2.968
2/8/2015,0.916,-3.537
2/9/2015,-1.603,-3.502
2/10/2015,1.130,-0.943
2/11/2015,0.672,-0.913
2/12/2015,1.046,-0.971
2/13/2015,1.620,-1.330
2/14/2015,1.301,-1.514
2/15/2015,-0.516,-2.127
2/16/2015,1.143,-2.206
2/17/2015,-2.063,-2.024
2/18/2015,0.717,-2.147
2/19/2015,0.838,-1.471
2/20/2015,0.690,-1.607
2/21/2015,0.875,-1.548
2/22/2015,0.740,-1.369
2/23/2015,0.939,-1.104
2/24/2015,0.697,-1.661
2/25/2015,0.465,-1.868
2/26/2015,0.605,-1.597
2/27/2015,0.670,-1.629
2/28/2015,0.531,-1.619
3/1/2015,0.469,-1.909
3/2/2015,0.797,-1.308
3/3/2015,0.901,-1.478
3/4/2015,0.997,-1.320
3/5/2015,0.627,-1.767
3/6/2015,0.753,-1.266
3/7/2015,0.760,-1.577
3/8/2015,0.643,-1.184
3/9/2015,0.727,-1.096
3/10/2015,0.669,-1.114
3/11/2015,0.600,-1.479
3/12/2015,0.939,-1.205
3/13/2015,0.696,-1.494
3/14/2015,0.610,-1.522
3/15/2015,0.450,-1.691
3/16/2015,0.759,-1.350
3/17/2015,1.098,-0.896
3/18/2015,0.866,-1.319
3/19/2015,0.778,-1.298
3/20/2015,0.700,-1.310
3/21/2015,0.649,-1.663
3/22/2015,0.630,-1.700
3/23/2015,0.941,-1.058
3/24/2015,0.808,-1.374
3/25/2015,0.676,-1.595
3/26/2015,0.835,-1.477
3/27/2015,0.697,-1.351
3/28/2015,0.398,-1.651
3/29/2015,0.552,-1.217
3/30/2015,1.011,-1.314
3/31/2015,0.984,-1.215
4/1/2015,0.877,-1.199
4/2/2015,0.583,-1.370
4/3/2015,0.484,-1.143
4/4/2015,0.534,-1.708
4/5/2015,0.511,-1.389
4/6/2015,0.767,-1.144
4/7/2015,0.867,-1.059
4/8/2015,0.648,-1.317
4/9/2015,0.952,-1.036
4/10/2015,0.905,-0.976
4/11/2015,0.514,-1.386
4/12/2015,0.737,-1.250
4/13/2015,0.770,-0.932
4/14/2015,1.189,-0.989
4/15/2015,0.887,-1.245
4/16/2015,0.911,-1.129
4/17/2015,0.547,-1.536
4/18/2015,0.495,-1.524
4/19/2015,0.530,-1.853
4/20/2015,0.831,-1.296
4/21/2015,0.996,-1.321
4/22/2015,1.038,-1.141
4/23/2015,0.850,-1.325
4/24/2015,0.571,-1.644
4/25/2015,1.091,-1.714
4/26/2015,0.634,-1.497
4/27/2015,0.795,-1.299
4/28/2015,0.540,-1.636
4/29/2015,0.956,-1.274
4/30/2015,0.936,-1.150
5/1/2015,0.603,-1.511
5/2/2015,0.554,-2.244
5/3/2015,0.202,-1.621
5/4/2015,0.952,-1.347
5/5/2015,1.077,-1.204
5/6/2015,0.740,-1.295
5/7/2015,0.637,-1.619
5/8/2015,0.253,-1.922
5/9/2015,0.709,-1.448
5/10/2015,1.140,-0.862
5/11/2015,1.052,-0.891
5/12/2015,0.756,-1.210
5/13/2015,0.774,-1.253
5/14/2015,0.203,-1.917
5/15/2015,0.885,-1.121
5/16/2015,0.646,-1.613
5/17/2015,0.614,-1.570
5/18/2015,0.753,-1.251
5/19/2015,0.927,-1.000
5/20/2015,0.938,-1.069
5/21/2015,0.699,-1.156
5/22/2015,0.550,-1.582
5/23/2015,0.372,-1.519
5/24/2015,0.211,-2.068
5/25/2015,0.598,-1.275
5/26/2015,0.482,-1.033
5/27/2015,1.068,-1.050
5/28/2015,1.042,-1.182
5/29/2015,1.111,-1.271
5/30/2015,0.753,-1.703
5/31/2015,0.834,-1.590
6/1/2015,0.715,-0.902
6/2/2015,1.009,-1.114
6/3/2015,0.390,-1.446
6/4/2015,0.946,-1.201
6/5/2015,0.942,-1.163
6/6/2015,0.738,-1.598
6/7/2015,0.946,-1.340
6/8/2015,1.155,-1.081
6/9/2015,0.698,-1.082
6/10/2015,1.041,-1.146
6/11/2015,0.911,-1.134
6/12/2015,0.761,-1.352
6/13/2015,0.534,-1.499
6/14/2015,0.211,-1.356
6/15/2015,0.305,-1.819
6/16/2015,0.362,-1.665
6/17/2015,0.496,-1.767
6/18/2015,0.707,-1.661
6/19/2015,0.553,-1.528
6/20/2015,0.485,-1.591
6/21/2015,0.713,-1.385
6/22/2015,0.805,-1.348
6/23/2015,0.409,-1.742
6/24/2015,0.627,-1.377
6/25/2015,1.369,-1.034
6/26/2015,0.921,-1.312
6/27/2015,0.673,-0.896
6/28/2015,0.683,-0.840
6/29/2015,0.720,-1.242
6/30/2015,0.913,-1.213
7/1/2015,0.962,-0.661
7/2/2015,0.921,-1.076
7/3/2015,1.232,-1.004
7/4/2015,0.972,-0.689
7/5/2015,1.093,-0.983
7/6/2015,1.123,-0.612
7/7/2015,1.037,-0.932
7/8/2015,1.163,-1.176
7/9/2015,0.967,-0.975
7/10/2015,0.883,-1.251
7/11/2015,0.609,-1.286
7/12/2015,0.586,-1.431
7/13/2015,0.489,-1.491
7/14/2015,1.072,-1.152
7/15/2015,1.117,-1.010
7/16/2015,0.853,-1.063
7/17/2015,0.820,-1.225
7/18/2015,0.871,-1.367
7/19/2015,0.798,-1.277
7/20/2015,0.817,-1.140
7/21/2015,0.873,-1.113
7/22/2015,0.733,-1.211
7/23/2015,0.924,-1.134
7/24/2015,0.623,-1.375
7/25/2015,0.755,-1.465
7/26/2015,0.800,-1.469
7/27/2015,0.758,-1.533
7/28/2015,0.993,-1.394
7/29/2015,0.837,-1.319
7/30/2015,0.390,-1.525
7/31/2015,0.582,-1.545
8/1/2015,0.490,-1.617
8/2/2015,0.568,-1.501
8/3/2015,0.756,-1.278
8/4/2015,0.769,-1.413
8/5/2015,0.467,-1.452
8/6/2015,0.536,-1.311
8/7/2015,0.366,-1.601
8/8/2015,0.123,-2.217
8/9/2015,0.324,-1.796
8/10/2015,0.202,-1.915
8/11/2015,0.463,-1.644
8/12/2015,0.735,-1.326
8/13/2015,0.626,-1.570
8/14/2015,0.788,-1.208
8/15/2015,0.302,-1.608
8/16/2015,0.317,-1.667
8/17/2015,0.824,-1.308
8/18/2015,0.810,-1.332
8/19/2015,0.745,-1.479
8/20/2015,0.669,-1.455
8/21/2015,0.372,-1.530
8/22/2015,0.309,-2.214
8/23/2015,0.272,-1.918
8/24/2015,0.785,-1.365
8/25/2015,0.716,-1.438
8/26/2015,0.711,-1.526
8/27/2015,0.843,-1.285
8/28/2015,0.710,-1.245
8/29/2015,0.029,-1.659
8/30/2015,0.559,-1.722
8/31/2015,0.906,-1.214
9/1/2015,0.990,-1.346
9/2/2015,1.038,-1.362
9/3/2015,0.954,-1.507
9/4/2015,1.159,-1.319
9/5/2015,0.786,-1.508
9/6/2015,0.911,-1.582
9/7/2015,0.578,-1.715
9/8/2015,0.995,-1.384
9/9/2015,1.026,-1.329
9/10/2015,1.181,-1.357
9/11/2015,0.826,-1.570
9/12/2015,0.893,-1.502
9/13/2015,0.776,-1.425
9/14/2015,0.874,-1.006
9/15/2015,0.846,-1.420
9/16/2015,0.980,-1.146
9/17/2015,0.947,-0.998
9/18/2015,0.976,-1.157
9/19/2015,0.940,-1.297
9/20/2015,1.192,-1.062
9/21/2015,1.269,-0.993
9/22/2015,1.062,-1.121
9/23/2015,1.111,-1.025
9/24/2015,1.088,-1.000
9/25/2015,0.896,-1.154
9/26/2015,0.789,-1.516
9/27/2015,1.031,-1.145
9/28/2015,1.050,-1.202
9/29/2015,0.867,-1.224
9/30/2015,0.557,-1.319
10/1/2015,0.616,-1.441
10/2/2015,0.531,-1.794
10/3/2015,0.076,-1.895
10/4/2015,0.146,-1.884
10/5/2015,0.720,-1.278
10/6/2015,0.999,-1.090
10/7/2015,0.611,-1.317
10/8/2015,0.816,-1.197
10/9/2015,0.666,-1.189
10/10/2015,0.341,-1.754
10/11/2015,0.284,-1.778
10/12/2015,0.719,-1.258
10/13/2015,0.792,-1.336
10/14/2015,0.657,-1.328
10/15/2015,0.801,-1.460
10/16/2015,0.723,-1.595
10/17/2015,0.230,-1.953
10/18/2015,0.484,-1.638
10/19/2015,0.980,-1.197
10/20/2015,0.876,-0.963
10/21/2015,1.319,-1.019
10/22/2015,0.128,-1.808
10/23/2015,0.760,-1.471
10/24/2015,0.671,-1.497
10/25/2015,1.105,-1.258
10/26/2015,1.231,-1.005
10/27/2015,0.966,-0.900
10/28/2015,0.928,-1.266
10/29/2015,0.979,-1.095
10/30/2015,0.674,-1.680
10/31/2015,0.655,-1.485
11/1/2015,0.503,-1.535
11/2/2015,0.910,-1.127
11/3/2015,0.630,-1.302
11/4/2015,0.776,-1.341
11/5/2015,0.912,-1.149
11/6/2015,0.880,-1.173
11/7/2015,0.577,-1.151
11/8/2015,0.499,-1.264
11/9/2015,0.530,-1.319
11/10/2015,1.158,-0.781
11/11/2015,1.116,-0.759
11/12/2015,0.843,-0.942
11/13/2015,0.533,-1.568
11/14/2015,-0.005,-2.669
11/15/2015,-0.112,-2.422
11/16/2015,0.494,-2.144
11/17/2015,0.873,-1.991
11/18/2015,0.762,-1.752
11/19/2015,0.530,-1.948
11/20/2015,0.453,-2.038
11/21/2015,0.372,-2.471
11/22/2015,0.601,-1.788
11/23/2015,0.793,-1.408
11/24/2015,0.337,-1.814
11/25/2015,0.526,-1.820
11/26/2015,0.402,-1.671
11/27/2015,0.440,-1.717
11/28/2015,0.494,-1.894
11/29/2015,0.566,-1.850
11/30/2015,0.924,-1.338
12/1/2015,0.882,-1.398
12/2/2015,0.631,-1.580
12/3/2015,0.413,-1.621
12/4/2015,0.655,-1.643
12/5/2015,0.523,-1.786
12/6/2015,0.286,-1.587
12/7/2015,0.454,-1.678
12/8/2015,0.497,-1.853
12/9/2015,0.561,-1.658
12/10/2015,0.590,-1.548
12/11/2015,0.561,-1.636
12/12/2015,0.619,-1.359
12/13/2015,0.704,-1.493
12/14/2015,0.446,-1.410
12/15/2015,0.845,-1.364
12/16/2015,0.651,-1.705
12/17/2015,0.904,-1.491
12/18/2015,1.017,-1.436
12/19/2015,0.647,-1.626
12/20/2015,0.525,-1.783
12/21/2015,0.499,-1.543
12/22/2015,0.546,-1.482
12/23/2015,0.410,-1.479
12/24/2015,0.474,-1.626
12/25/2015,0.368,-1.385
12/26/2015,0.219,-1.652
12/27/2015,0.590,-1.574
12/28/2015,0.345,-1.842
12/29/2015,0.350,-1.695
12/30/2015,0.581,-1.789
12/31/2015,0.615,-1.654
1/1/2016,0.434,-1.885
1/2/2016,0.090,-2.004
1/3/2016,-0.096,-2.466
1/4/2016,0.547,-1.755
1/5/2016,0.439,-1.617
1/6/2016,0.568,-1.702
1/7/2016,0.750,-1.473
1/8/2016,0.065,-1.778
1/9/2016,0.269,-2.279
1/10/2016,0.060,-1.956
1/11/2016,0.723,-1.395
1/12/2016,0.781,-1.426
1/13/2016,1.026,-1.507
1/14/2016,0.803,-1.435
1/15/2016,0.591,-1.604
1/16/2016,0.710,-1.730
1/17/2016,0.382,-1.525
1/18/2016,0.851,-1.225
1/19/2016,0.672,-1.150
1/20/2016,0.856,-1.240
1/21/2016,0.959,-1.215
1/22/2016,1.013,-1.353
1/23/2016,0.719,-1.785
1/24/2016,0.610,-1.559
1/25/2016,0.742,-1.429
1/26/2016,0.896,-1.537
1/27/2016,0.844,-1.618
1/28/2016,1.080,-1.455
1/29/2016,0.957,-1.731
1/30/2016,0.894,-1.320
1/31/2016,0.794,-1.627
2/1/2016,0.950,-1.558
2/2/2016,0.919,-1.289
2/3/2016,0.874,-1.305
2/4/2016,0.916,-1.500
2/5/2016,0.962,-1.702
2/6/2016,0.750,-1.762
2/7/2016,0.893,-1.855
2/8/2016,0.968,-1.493
2/9/2016,0.928,-1.439
2/10/2016,0.587,-1.447
2/11/2016,0.813,-1.351
2/12/2016,0.939,-1.509
2/13/2016,0.911,-1.527
2/14/2016,0.655,-1.287
2/15/2016,0.866,-1.196
2/16/2016,0.890,-1.326
2/17/2016,0.934,-1.204
2/18/2016,0.952,-1.228
2/19/2016,0.528,-1.429
2/20/2016,0.235,-2.049
2/21/2016,0.576,-1.575
2/22/2016,1.070,-1.206
2/23/2016,1.123,-1.302
2/24/2016,0.879,-1.356
2/25/2016,0.843,-1.382
2/26/2016,0.666,-1.517
2/27/2016,0.530,-1.602
2/28/2016,0.271,-1.526
2/29/2016,0.837,-1.146
3/1/2016,0.825,-1.244
3/2/2016,0.919,-1.197
3/3/2016,0.805,-1.259
3/4/2016,0.621,-1.494
3/5/2016,0.615,-1.396
3/6/2016,0.617,-1.622
3/7/2016,0.828,-1.313
3/8/2016,0.439,-1.774
3/9/2016,0.182,-1.767
3/10/2016,0.594,-1.740
3/11/2016,0.612,-1.587
3/12/2016,0.333,-1.755
3/13/2016,0.046,-2.016
3/14/2016,0.277,-1.736
3/15/2016,0.772,-1.526
3/16/2016,0.722,-1.427
3/17/2016,0.541,-1.423
3/18/2016,0.474,-1.512
3/19/2016,0.428,-1.763
3/20/2016,0.540,-1.440
3/21/2016,0.908,-0.851
3/22/2016,0.623,-1.737
3/23/2016,0.609,-1.923
3/24/2016,0.625,-1.633
3/25/2016,0.274,-2.145
3/26/2016,-0.195,-2.236
3/27/2016,-0.103,-2.108
3/28/2016,0.473,-1.824
3/29/2016,0.799,-1.626
3/30/2016,0.783,-1.294
3/31/2016,1.021,-1.282
4/1/2016,0.928,-1.379
4/2/2016,0.514,-1.907
4/3/2016,0.352,-1.903
4/4/2016,0.872,-1.001
4/5/2016,0.851,-1.194
4/6/2016,0.788,-1.487
4/7/2016,0.920,-1.159
4/8/2016,1.056,-1.050
4/9/2016,0.665,-1.591
4/10/2016,0.764,-1.660
4/11/2016,0.407,-1.406
4/12/2016,0.785,-1.429
4/13/2016,0.851,-1.208
4/14/2016,0.572,-1.456
4/15/2016,0.597,-1.435
4/16/2016,0.682,-1.534
4/17/2016,0.654,-1.632
4/18/2016,0.720,-1.491
4/19/2016,0.722,-1.229
4/20/2016,0.936,-1.190
4/21/2016,0.961,-1.017
4/22/2016,0.960,-0.895
4/23/2016,0.799,-1.080
4/24/2016,0.774,-1.170
4/25/2016,1.200,-1.056
4/26/2016,0.629,-1.264
4/27/2016,0.514,-1.177
4/28/2016,0.591,-1.258
4/29/2016,0.602,-1.549
4/30/2016,0.467,-1.495
5/1/2016,0.503,-1.578
5/2/2016,0.417,-1.660
5/3/2016,0.404,-1.404
5/4/2016,0.737,-1.326
5/5/2016,0.559,-1.227
5/6/2016,0.606,-1.110
5/7/2016,0.580,-1.206
5/8/2016,0.469,-1.605
5/9/2016,0.767,-1.213
5/10/2016,0.881,-1.382
5/11/2016,0.932,-1.055
5/12/2016,0.807,-1.259
5/13/2016,0.395,-1.518
5/14/2016,0.503,-1.669
5/15/2016,0.449,-1.547
5/16/2016,1.007,-1.383
5/17/2016,0.909,-1.293
5/18/2016,0.975,-1.209
5/19/2016,0.944,-1.211
5/20/2016,1.053,-1.224
5/21/2016,0.304,-1.610
5/22/2016,0.014,-1.679
5/23/2016,0.811,-1.509
5/24/2016,0.836,-1.433
5/25/2016,0.729,-1.563
5/26/2016,0.992,-1.136
5/27/2016,0.686,-1.502
5/28/2016,0.495,-1.617
5/29/2016,0.340,-1.276
5/30/2016,0.634,-1.414
5/31/2016,0.661,-1.412
6/1/2016,0.767,-1.425
6/2/2016,0.842,-1.111
6/3/2016,0.881,-1.176
6/4/2016,0.459,-1.499
6/5/2016,0.531,-1.473
6/6/2016,0.226,-1.370
6/7/2016,0.743,-1.164
6/8/2016,0.322,-1.512
6/9/2016,0.715,-1.249
6/10/2016,0.529,-1.256
6/11/2016,0.195,-1.534
6/12/2016,-0.255,-2.235
6/13/2016,-0.076,-2.571
6/14/2016,0.251,-2.089
6/15/2016,0.622,-1.885
6/16/2016,0.536,-1.833
6/17/2016,0.254,-1.569
6/18/2016,0.093,-1.832
6/19/2016,0.142,-1.579
6/20/2016,0.624,-1.635
6/21/2016,0.576,-1.647
6/22/2016,0.492,-1.385
6/23/2016,0.767,-1.255
6/24/2016,0.914,-1.000
6/25/2016,0.828,-1.257
6/26/2016,0.942,-1.038
6/27/2016,1.106,-0.942
6/28/2016,0.718,-1.278
6/29/2016,0.757,-1.523
6/30/2016,0.614,-1.527
7/1/2016,0.382,-1.574
7/2/2016,0.087,-1.934
7/3/2016,0.232,-1.788
7/4/2016,-0.067,-1.675
7/5/2016,0.488,-1.333
7/6/2016,0.594,-1.609
7/7/2016,0.763,-1.558
7/8/2016,0.422,-1.598
7/9/2016,0.101,-1.710
7/10/2016,-0.332,-2.212
7/11/2016,0.288,-1.727
7/12/2016,0.802,-1.315
7/13/2016,0.792,-1.099
7/14/2016,0.896,-1.089
7/15/2016,0.478,-1.746
7/16/2016,0.087,-2.011
7/17/2016,-0.190,-2.328
7/18/2016,0.401,-2.107
7/19/2016,0.473,-1.552
7/20/2016,0.396,-1.591
7/21/2016,0.347,-1.531
7/22/2016,0.571,-1.497
7/23/2016,0.310,-1.918
7/24/2016,0.150,-1.900
7/25/2016,0.533,-1.270
7/26/2016,0.761,-0.989
7/27/2016,0.716,-1.509
7/28/2016,0.657,-1.385
7/29/2016,0.401,-1.398
7/30/2016,0.340,-1.634
7/31/2016,-0.038,-1.837
8/1/2016,-0.042,-1.644
8/2/2016,0.208,-1.627
8/3/2016,0.137,-1.919
8/4/2016,0.167,-1.789
8/5/2016,0.401,-1.893
8/6/2016,-0.013,-1.947
8/7/2016,0.123,-1.701
8/8/2016,0.307,-1.736
8/9/2016,0.438,-1.630
8/10/2016,0.469,-1.719
8/11/2016,0.434,-1.474
8/12/2016,0.096,-1.588
8/13/2016,0.253,-2.078
8/14/2016,-0.326,-2.048
8/15/2016,0.603,-1.543
8/16/2016,0.585,-1.558
8/17/2016,0.606,-1.418
8/18/2016,0.598,-1.531
8/19/2016,1.007,-1.458
8/20/2016,0.580,-1.335
8/21/2016,0.180,-1.592
8/22/2016,0.747,-1.210
8/23/2016,0.711,-1.271
8/24/2016,0.368,-1.671
8/25/2016,0.479,-1.578
8/26/2016,0.726,-1.495
8/27/2016,0.699,-1.670
8/28/2016,0.303,-1.783
8/29/2016,0.375,-1.711
8/30/2016,0.467,-1.637
8/31/2016,0.483,-1.384
9/1/2016,0.739,-1.401
9/2/2016,0.622,-1.390
9/3/2016,0.820,-1.233
9/4/2016,0.615,-1.320
9/5/2016,0.769,-1.348
9/6/2016,0.776,-1.367
9/7/2016,0.807,-1.162
9/8/2016,0.662,-1.462
9/9/2016,0.818,-1.620
9/10/2016,0.512,-1.841
9/11/2016,0.510,-2.057
9/12/2016,0.714,-1.476
9/13/2016,0.727,-1.604
9/14/2016,1.190,-1.249
9/15/2016,0.905,-1.248
9/16/2016,0.779,-1.517
9/17/2016,0.201,-1.833
9/18/2016,0.268,-2.186
9/19/2016,0.698,-1.638
9/20/2016,0.831,-1.432
9/21/2016,0.789,-1.383
9/22/2016,0.498,-1.619
9/23/2016,0.622,-1.697
9/24/2016,0.502,-1.817
9/25/2016,0.619,-1.699
9/26/2016,0.877,-1.206
9/27/2016,1.085,-1.509
9/28/2016,0.791,-1.556
9/29/2016,0.728,-1.537
9/30/2016,0.691,-1.504
10/1/2016,0.288,-1.886
10/2/2016,0.244,-1.977
10/3/2016,0.459,-1.532
10/4/2016,0.737,-1.564
10/5/2016,0.692,-1.478
10/6/2016,0.719,-1.359
10/7/2016,0.414,-1.301
10/8/2016,0.466,-1.588
10/9/2016,0.003,-2.094
10/10/2016,0.497,-1.742
10/11/2016,0.732,-1.182
10/12/2016,0.613,-1.622
10/13/2016,0.562,-1.486
10/14/2016,0.647,-1.280
10/15/2016,0.323,-2.045
10/16/2016,-0.497,-2.315
10/17/2016,0.070,-1.489
10/18/2016,0.836,-1.398
10/19/2016,0.393,-1.606
10/20/2016,0.427,-1.730
10/21/2016,0.764,-1.460
10/22/2016,0.503,-1.915
10/23/2016,0.183,-1.936
10/24/2016,0.772,-1.360
10/25/2016,0.964,-1.239
10/26/2016,0.887,-1.166
10/27/2016,0.702,-1.109
10/28/2016,0.835,-1.305
10/29/2016,0.733,-0.968
10/30/2016,0.763,-0.984
10/31/2016,0.810,-1.153
11/1/2016,0.933,-1.137
11/2/2016,0.751,-1.128
11/3/2016,0.359,-1.265
11/4/2016,0.287,-1.321
11/5/2016,0.111,-1.761
11/6/2016,0.176,-1.520
11/7/2016,0.669,-1.078
11/8/2016,0.521,-1.036
11/9/2016,0.935,0.006
11/10/2016,0.793,-0.574
11/11/2016,0.839,-0.978
11/12/2016,0.058,-1.497
11/13/2016,0.551,-1.489
11/14/2016,0.880,-1.265
11/15/2016,0.683,-1.206
11/16/2016,0.870,-1.041
11/17/2016,0.930,-1.011
11/18/2016,1.124,-0.913
11/19/2016,0.945,-1.351
11/20/2016,0.976,-0.772
11/21/2016,0.999,-0.684
11/22/2016,0.903,-1.021
11/23/2016,1.014,-0.763
11/24/2016,1.054,-0.901
11/25/2016,0.874,-1.219
11/26/2016,0.682,-1.375
11/27/2016,0.697,-1.181
11/28/2016,0.834,-1.259
11/29/2016,0.880,-1.253
11/30/2016,0.759,-1.046
12/1/2016,0.915,-1.098
12/2/2016,0.716,-1.161
12/3/2016,0.800,-1.193
12/4/2016,0.607,-1.193
12/5/2016,0.964,-1.351
12/6/2016,0.897,-1.378
12/7/2016,0.979,-1.114
12/8/2016,0.928,-1.238
12/9/2016,0.724,-1.335
12/10/2016,0.852,-1.240
12/11/2016,0.581,-1.380
12/12/2016,0.992,-1.028
12/13/2016,0.865,-1.038
12/14/2016,1.068,-1.006
12/15/2016,0.862,-1.288
12/16/2016,0.828,-1.280
12/17/2016,0.666,-1.566
12/18/2016,0.338,-1.654
12/19/2016,0.610,-1.716
12/20/2016,0.143,-1.696
12/21/2016,0.567,-1.259
12/22/2016,0.449,-1.725
12/23/2016,0.686,-1.525
12/24/2016,0.302,-1.933
12/25/2016,0.609,-1.522
12/26/2016,0.658,-1.581
12/27/2016,0.655,-1.635
12/28/2016,0.581,-1.665
12/29/2016,0.298,-1.751
12/30/2016,0.403,-1.899
12/31/2016,0.458,-1.584
1/1/2017,0.586,-1.680
1/2/2017,0.260,-1.653
1/3/2017,0.593,-1.692
1/4/2017,0.627,-1.224
1/5/2017,0.594,-1.420
1/6/2017,0.773,-1.372
1/7/2017,0.462,-1.397
1/8/2017,0.214,-1.512
1/9/2017,0.438,-1.251
1/10/2017,0.520,-1.467
1/11/2017,0.704,-1.484
1/12/2017,0.722,-1.136
1/13/2017,0.976,-1.031
1/14/2017,1.036,-1.043
1/15/2017,0.830,-1.329
1/16/2017,0.901,-1.196
1/17/2017,0.938,-1.097
1/18/2017,0.501,-1.486
1/19/2017,0.401,-1.353
1/20/2017,0.696,-0.945
1/21/2017,0.609,-0.833
1/22/2017,0.687,-1.034
1/23/2017,1.033,-0.942
1/24/2017,1.187,-0.820
1/25/2017,0.766,-1.076
1/26/2017,0.752,-1.383
1/27/2017,0.765,-1.383
1/28/2017,0.440,-2.084
1/29/2017,-0.351,-2.775
1/30/2017,-0.084,-2.534
1/31/2017,-0.006,-2.211
2/1/2017,0.180,-1.751
2/2/2017,0.369,-1.752
2/3/2017,0.391,-1.682
2/4/2017,0.040,-2.021
2/5/2017,-0.052,-2.178
2/6/2017,0.351,-1.698
2/7/2017,0.613,-1.572
2/8/2017,0.521,-1.528
2/9/2017,0.481,-1.609
2/10/2017,0.657,-1.520
2/11/2017,0.604,-1.291
2/12/2017,0.200,-1.341
2/13/2017,0.649,-1.130
2/14/2017,0.821,-1.178
2/15/2017,0.940,-1.055
2/16/2017,0.847,-1.247
2/17/2017,0.881,-1.342
2/18/2017,0.666,-1.442
2/19/2017,0.461,-1.557
2/20/2017,0.834,-1.038
2/21/2017,0.742,-1.441
2/22/2017,0.695,-1.572
2/23/2017,0.635,-1.235
2/24/2017,0.683,-1.459
2/25/2017,0.553,-1.327
2/26/2017,0.591,-1.056
2/27/2017,0.669,-0.920
2/28/2017,0.468,-1.225
3/1/2017,0.540,-1.283
3/2/2017,0.713,-1.192
3/3/2017,0.927,-1.130
3/4/2017,0.594,-1.560
3/5/2017,0.080,-1.756
3/6/2017,0.396,-1.621
3/7/2017,0.340,-1.848
3/8/2017,0.480,-1.535
3/9/2017,0.560,-1.381
3/10/2017,0.778,-1.256
3/11/2017,0.761,-1.494
3/12/2017,0.503,-1.336
3/13/2017,1.019,-0.912
3/14/2017,0.943,-1.001
3/15/2017,0.712,-1.164
3/16/2017,0.778,-1.137
3/17/2017,0.766,-1.203
3/18/2017,0.506,-1.259
3/19/2017,0.826,-1.050
3/20/2017,1.045,-1.099
3/21/2017,0.901,-1.125
3/22/2017,0.629,-1.247
3/23/2017,0.252,-1.777
3/24/2017,0.568,-1.419
3/25/2017,0.340,-1.725
3/26/2017,-0.026,-2.071
3/27/2017,0.823,-1.471
3/28/2017,0.830,-1.131
3/29/2017,0.766,-1.041
3/30/2017,0.821,-1.336
3/31/2017,0.602,-1.405
4/1/2017,0.552,-1.649
4/2/2017,0.534,-1.532
4/3/2017,0.771,-1.343
4/4/2017,0.674,-1.474
4/5/2017,0.655,-1.685
4/6/2017,0.607,-1.596
4/7/2017,-0.971,-3.011
4/8/2017,-0.876,-2.856
4/9/2017,-0.780,-2.729
4/10/2017,0.028,-2.004
4/11/2017,0.654,-2.076
4/12/2017,0.765,-1.923
4/13/2017,0.249,-1.903
4/14/2017,-0.200,-2.074
4/15/2017,-0.271,-2.179
4/16/2017,0.143,-2.308
4/17/2017,0.508,-1.707
4/18/2017,0.700,-1.508
4/19/2017,0.732,-1.432
4/20/2017,0.558,-1.410
4/21/2017,0.651,-1.402
4/22/2017,0.483,-1.585
4/23/2017,-0.085,-1.951
4/24/2017,0.447,-1.653
4/25/2017,0.469,-1.509
4/26/2017,0.631,-1.552
4/27/2017,0.885,-1.263
4/28/2017,0.839,-1.362
4/29/2017,0.357,-1.572
4/30/2017,0.185,-1.536
5/1/2017,0.790,-1.280
5/2/2017,0.546,-1.667
5/3/2017,0.670,-1.359
5/4/2017,0.798,-0.996
5/5/2017,0.359,-1.355
5/6/2017,0.277,-1.317
5/7/2017,0.296,-1.568
5/8/2017,0.946,-1.088
5/9/2017,0.814,-0.767
5/10/2017,1.038,-0.987
5/11/2017,0.937,-1.108
5/12/2017,0.931,-1.277
5/13/2017,0.800,-1.130
5/14/2017,0.730,-1.080
5/15/2017,0.679,-1.466
5/16/2017,0.843,-1.339
5/17/2017,0.927,-1.203
5/18/2017,0.926,-1.371
5/19/2017,0.675,-1.852
5/20/2017,1.136,-1.216
5/21/2017,0.863,-1.159
5/22/2017,1.171,-1.176
5/23/2017,0.852,-1.397
5/24/2017,0.774,-1.318
5/25/2017,0.796,-1.292
5/26/2017,0.828,-1.492
5/27/2017,0.557,-1.719
5/28/2017,0.418,-1.427
5/29/2017,0.670,-1.343
5/30/2017,0.780,-1.248
5/31/2017,0.812,-1.357
6/1/2017,0.940,-1.397
6/2/2017,0.995,-1.086
6/3/2017,0.567,-1.573
6/4/2017,0.675,-2.120
6/5/2017,0.658,-1.841
6/6/2017,0.608,-1.543
6/7/2017,1.027,-1.150
6/8/2017,0.939,-1.264
6/9/2017,0.775,-1.239
6/10/2017,0.402,-1.722
6/11/2017,0.243,-2.084
6/12/2017,0.398,-1.343
6/13/2017,0.683,-1.526
6/14/2017,0.800,-1.224
6/15/2017,0.935,-1.179
6/16/2017,0.670,-1.593
6/17/2017,0.190,-2.198
6/18/2017,-0.075,-2.170
6/19/2017,0.368,-1.817
6/20/2017,0.382,-1.984
6/21/2017,0.687,-1.309
6/22/2017,0.631,-1.375
6/23/2017,0.356,-1.801
6/24/2017,0.233,-1.550
6/25/2017,0.372,-1.603
6/26/2017,0.732,-1.115
6/27/2017,0.516,-1.540
6/28/2017,0.513,-1.174
6/29/2017,0.687,-1.067
6/30/2017,0.540,-1.143
7/1/2017,0.583,-1.491
7/2/2017,0.602,-1.373
7/3/2017,0.870,-1.179
7/4/2017,0.522,-1.164
7/5/2017,0.940,-1.171
7/6/2017,0.868,-1.339
7/7/2017,0.872,-1.641
7/8/2017,0.918,-1.642
7/9/2017,0.641,-1.202
7/10/2017,0.992,-1.347
7/11/2017,0.873,-1.470
7/12/2017,0.911,-1.589
7/13/2017,0.897,-1.348
7/14/2017,0.605,-1.570
7/15/2017,0.336,-1.734
7/16/2017,0.238,-1.834
7/17/2017,0.577,-1.507
7/18/2017,0.766,-1.545
7/19/2017,0.665,-1.357
7/20/2017,0.685,-1.365
7/21/2017,0.620,-1.732
7/22/2017,0.111,-1.890
7/23/2017,0.317,-1.868
7/24/2017,0.846,-1.576
7/25/2017,0.590,-1.306
7/26/2017,0.435,-1.727
7/27/2017,0.458,-1.598
7/28/2017,0.269,-1.719
7/29/2017,0.136,-1.602
7/30/2017,0.193,-1.451
7/31/2017,0.476,-1.600
8/1/2017,0.458,-1.778
8/2/2017,0.633,-1.695
8/3/2017,0.640,-1.869
8/4/2017,0.453,-1.734
8/5/2017,0.606,-1.915
8/6/2017,0.345,-2.002
8/7/2017,0.756,-1.400
8/8/2017,0.463,-1.724
8/9/2017,0.362,-1.506
8/10/2017,0.026,-1.872
8/11/2017,0.337,-1.870
8/12/2017,-0.125,-2.474
8/13/2017,0.243,-2.377
8/14/2017,0.476,-2.010
8/15/2017,0.571,-1.698
8/16/2017,0.707,-1.740
8/17/2017,0.530,-2.121
8/18/2017,0.113,-2.226
8/19/2017,0.238,-2.037
8/20/2017,0.148,-1.697
8/21/2017,0.470,-1.909
8/22/2017,0.547,-1.671
8/23/2017,0.549,-1.723
8/24/2017,0.755,-1.376
8/25/2017,0.374,-2.025
8/26/2017,0.065,-2.120
8/27/2017,-0.117,-1.906
8/28/2017,0.263,-1.673
8/29/2017,-0.268,-1.812
8/30/2017,0.764,-1.314
8/31/2017,0.774,-1.343
9/1/2017,0.696,-1.433
9/2/2017,0.514,-1.535
9/3/2017,0.531,-1.440
9/4/2017,0.785,-1.393
9/5/2017,0.660,-1.278
9/6/2017,0.634,-1.306
9/7/2017,0.949,-1.081
9/8/2017,0.348,-1.517
9/9/2017,0.361,-1.476
9/10/2017,0.763,-1.256
9/11/2017,0.611,-1.537
9/12/2017,0.867,-1.417
9/13/2017,0.715,-1.262
9/14/2017,0.671,-1.406
9/15/2017,0.419,-1.531
9/16/2017,0.163,-1.733
9/17/2017,0.521,-1.830
9/18/2017,0.771,-1.208
9/19/2017,0.764,-1.353
9/20/2017,1.155,-1.297
9/21/2017,0.793,-1.231
9/22/2017,0.853,-1.370
9/23/2017,0.358,-1.617
9/24/2017,0.228,-1.543
9/25/2017,0.325,-1.804
9/26/2017,0.512,-1.654
9/27/2017,0.652,-1.416
9/28/2017,0.610,-1.667
9/29/2017,0.931,-1.517
9/30/2017,0.798,-1.539
10/1/2017,0.431,-1.608
10/2/2017,-0.145,-2.337
10/3/2017,0.382,-2.092
10/4/2017,0.741,-1.713
10/5/2017,0.633,-1.497
10/6/2017,0.646,-1.296
10/7/2017,0.335,-1.590
10/8/2017,0.054,-1.642
10/9/2017,0.673,-1.222
10/10/2017,0.859,-1.220
10/11/2017,0.727,-1.349
10/12/2017,0.982,-1.552
10/13/2017,0.977,-1.310
10/14/2017,0.773,-1.504
10/15/2017,0.844,-1.512
10/16/2017,0.693,-1.596
10/17/2017,0.310,-1.656
10/18/2017,0.548,-1.472
10/19/2017,0.635,-1.437
10/20/2017,0.662,-1.498
10/21/2017,0.222,-1.805
10/22/2017,0.606,-1.150
10/23/2017,0.979,-1.117
10/24/2017,0.546,-1.630
10/25/2017,0.817,-1.509
10/26/2017,0.762,-1.442
10/27/2017,0.782,-1.282
10/28/2017,0.637,-1.575
10/29/2017,0.683,-1.347
10/30/2017,0.578,-1.564
10/31/2017,0.526,-1.610
11/1/2017,0.717,-1.585
11/2/2017,0.796,-1.591
11/3/2017,0.487,-1.714
11/4/2017,0.353,-2.003
11/5/2017,0.387,-1.736
11/6/2017,0.862,-1.236
11/7/2017,0.854,-0.909
11/8/2017,1.095,-0.906
11/9/2017,1.142,-0.872
11/10/2017,1.048,-1.044
11/11/2017,0.835,-1.216
11/12/2017,1.038,-1.256
11/13/2017,1.272,-1.035
11/14/2017,1.083,-1.342
11/15/2017,0.846,-1.408
11/16/2017,0.898,-1.222
11/17/2017,0.712,-1.513
11/18/2017,0.606,-1.437
11/19/2017,0.861,-1.124
11/20/2017,0.830,-1.176
11/21/2017,0.805,-1.390
11/22/2017,0.616,-1.453
11/23/2017,0.453,-1.417
11/24/2017,0.807,-1.301
11/25/2017,0.651,-1.745
11/26/2017,0.202,-1.650
11/27/2017,0.687,-0.749
11/28/2017,0.603,-0.624
11/29/2017,0.560,-1.520
11/30/2017,0.589,-1.576
12/1/2017,0.655,-1.469
12/2/2017,0.590,-1.369
12/3/2017,0.806,-1.236
12/4/2017,0.821,-1.144
12/5/2017,0.938,-1.190
12/6/2017,0.687,-1.220
12/7/2017,0.468,-1.731
12/8/2017,0.232,-1.689
12/9/2017,-0.004,-1.976
12/10/2017,-0.170,-2.145
12/11/2017,0.763,-1.445
12/12/2017,0.807,-1.373
12/13/2017,0.634,-1.211
12/14/2017,0.622,-1.387
12/15/2017,0.609,-1.516
12/16/2017,0.293,-1.604
12/17/2017,0.253,-1.678
12/18/2017,0.371,-1.441
12/19/2017,0.458,-1.533
12/20/2017,0.680,-1.513
12/21/2017,0.674,-1.743
12/22/2017,0.538,-1.513
12/23/2017,0.798,-1.650
12/24/2017,0.646,-1.716
12/25/2017,1.026,-1.069
12/26/2017,0.889,-1.245
12/27/2017,0.997,-1.385
12/28/2017,0.743,-1.667
12/29/2017,0.551,-1.534
12/30/2017,0.182,-1.963
12/31/2017,0.203,-1.554
1/1/2018,0.033,-1.937
1/2/2018,0.501,-1.830
1/3/2018,0.459,-1.940
1/4/2018,0.450,-1.833
1/5/2018,0.711,-1.778
1/6/2018,0.531,-1.882
1/7/2018,0.633,-1.817
1/8/2018,0.804,-1.173
1/9/2018,0.812,-1.257
1/10/2018,1.010,-1.199
1/11/2018,0.971,-1.483
1/12/2018,0.626,-1.855
1/13/2018,0.617,-1.873
1/14/2018,0.726,-1.525
1/15/2018,0.790,-1.626
1/16/2018,0.988,-1.208
1/17/2018,0.731,-1.738
1/18/2018,0.907,-1.300
1/19/2018,0.673,-1.474
1/20/2018,0.623,-1.735
1/21/2018,0.534,-1.739
1/22/2018,0.905,-1.344
1/23/2018,0.531,-1.516
1/24/2018,0.556,-1.397
1/25/2018,0.957,-1.436
1/26/2018,0.672,-1.214
1/27/2018,0.494,-1.785
1/28/2018,0.671,-1.323
1/29/2018,0.754,-1.425
1/30/2018,0.909,-1.447
1/31/2018,0.913,-1.253
2/1/2018,0.766,-1.351
2/2/2018,0.852,-1.392
2/3/2018,0.663,-1.579
2/4/2018,0.453,-1.663
2/5/2018,0.844,-1.505
2/6/2018,0.698,-1.697
2/7/2018,0.984,-1.447
2/8/2018,0.673,-1.208
2/9/2018,0.554,-1.401
2/10/2018,0.760,-1.190
2/11/2018,0.661,-1.474
2/12/2018,0.826,-1.090
2/13/2018,0.736,-1.488
2/14/2018,0.690,-1.328
2/15/2018,0.574,-1.531
2/16/2018,0.734,-1.648
2/17/2018,0.439,-1.698
2/18/2018,0.567,-1.356
2/19/2018,0.974,-1.301
2/20/2018,0.729,-1.191
2/21/2018,0.771,-1.354
2/22/2018,0.697,-1.351
2/23/2018,0.821,-1.314
2/24/2018,0.570,-1.523
2/25/2018,0.720,-1.223
2/26/2018,0.761,-1.156
2/27/2018,0.895,-1.256
2/28/2018,1.037,-1.018
3/1/2018,1.067,-1.007
3/2/2018,0.676,-1.344
3/3/2018,0.790,-1.249
3/4/2018,0.677,-1.254
3/5/2018,0.819,-0.981
3/6/2018,0.904,-0.959
3/7/2018,0.487,-1.346
3/8/2018,0.816,-1.025
3/9/2018,0.910,-1.228
3/10/2018,0.793,-1.572
3/11/2018,0.923,-1.064
3/12/2018,1.203,-1.108
3/13/2018,0.861,-1.556
3/14/2018,0.784,-1.244
3/15/2018,0.712,-1.598
3/16/2018,0.478,-1.625
3/17/2018,0.419,-1.948
3/18/2018,1.036,-1.425
3/19/2018,0.963,-1.071
3/20/2018,0.751,-1.253
3/21/2018,0.766,-1.319
3/22/2018,0.794,-1.265
3/23/2018,0.875,-0.929
3/24/2018,0.697,-1.196
3/25/2018,0.712,-1.051
3/26/2018,0.623,-1.467
3/27/2018,0.772,-1.373
3/28/2018,0.840,-1.390
3/29/2018,0.919,-1.266
3/30/2018,0.244,-1.787
3/31/2018,0.486,-1.731
4/1/2018,0.365,-1.651
4/2/2018,0.630,-1.368
4/3/2018,0.808,-1.431
4/4/2018,0.675,-1.550
4/5/2018,0.762,-1.320
4/6/2018,0.726,-1.449
4/7/2018,0.385,-1.574
4/8/2018,0.459,-2.073
4/9/2018,0.396,-1.801
4/10/2018,0.508,-1.693
4/11/2018,0.245,-1.677
4/12/2018,0.385,-1.549
4/13/2018,0.753,-1.700
4/14/2018,-0.452,-2.541
4/15/2018,-0.093,-2.118
4/16/2018,0.402,-1.568
4/17/2018,0.380,-1.540
4/18/2018,0.660,-1.187
4/19/2018,0.947,-1.043
4/20/2018,0.624,-1.396
4/21/2018,0.688,-1.690
4/22/2018,0.529,-1.327
4/23/2018,0.549,-1.354
4/24/2018,0.854,-1.162
4/25/2018,0.820,-1.398
4/26/2018,1.010,-1.149
4/27/2018,1.213,-0.727
4/28/2018,0.988,-1.101
4/29/2018,1.202,-1.278
4/30/2018,0.994,-1.155
5/1/2018,0.698,-1.488
5/2/2018,1.087,-0.907
5/3/2018,1.053,-1.244
5/4/2018,0.802,-1.415
5/5/2018,0.806,-1.277
5/6/2018,0.653,-1.506
5/7/2018,1.030,-0.761
5/8/2018,1.687,-0.974
5/9/2018,1.417,-0.978
5/10/2018,1.108,-0.768
5/11/2018,1.151,-0.963
5/12/2018,1.155,-0.664
5/13/2018,0.904,-0.956
5/14/2018,0.763,-1.220
5/15/2018,0.629,-1.742
5/16/2018,0.888,-1.294
5/17/2018,0.822,-1.235
5/18/2018,0.838,-1.015
5/19/2018,0.894,-0.347
5/20/2018,0.889,-0.746
5/21/2018,0.855,-1.001
5/22/2018,1.029,-1.132
5/23/2018,0.916,-1.207
5/24/2018,0.809,-1.314
5/25/2018,0.814,-1.118
5/26/2018,0.867,-1.033
5/27/2018,0.872,-1.117
5/28/2018,1.128,-1.244
5/29/2018,1.070,-1.034
5/30/2018,1.029,-1.629
5/31/2018,1.025,-1.557
6/1/2018,0.756,-1.664
6/2/2018,0.377,-2.002
6/3/2018,0.724,-1.679
6/4/2018,1.355,-1.254
6/5/2018,1.113,-1.095
6/6/2018,1.128,-0.996
6/7/2018,1.282,-1.084
6/8/2018,0.790,-1.060
6/9/2018,0.838,-1.378
6/10/2018,1.184,-1.337
6/11/2018,1.010,-1.270
6/12/2018,1.396,-0.912
6/13/2018,1.011,-1.155
6/14/2018,1.184,-0.932
6/15/2018,0.909,-1.114
6/16/2018,0.426,-1.672
6/17/2018,0.295,-1.451
6/18/2018,0.438,-2.007
6/19/2018,0.795,-1.769
6/20/2018,0.930,-1.874
6/21/2018,0.812,-1.752
6/22/2018,0.993,-1.504
6/23/2018,0.658,-1.807
6/24/2018,0.432,-1.730
6/25/2018,0.792,-1.416
6/26/2018,0.720,-1.426
6/27/2018,0.757,-1.511
6/28/2018,0.881,-1.381
6/29/2018,0.826,-1.434
6/30/2018,0.745,-1.765
7/1/2018,0.716,-1.635
7/2/2018,1.336,-0.720
7/3/2018,0.912,-0.922
7/4/2018,0.720,-1.019
7/5/2018,0.585,-1.152
7/6/2018,0.947,-1.127
7/7/2018,0.787,-1.130
7/8/2018,0.960,-1.332
7/9/2018,1.249,-1.007
7/10/2018,1.145,-0.761
7/11/2018,1.126,-1.118
7/12/2018,1.053,-1.114
7/13/2018,0.977,-1.150
7/14/2018,0.549,-1.619
7/15/2018,0.953,-1.471
7/16/2018,1.188,-1.375
7/17/2018,1.085,-1.421
7/18/2018,0.939,-1.380
7/19/2018,0.896,-1.453
7/20/2018,0.794,-1.702
7/21/2018,0.959,-1.800
7/22/2018,0.474,-2.029
7/23/2018,0.677,-2.179
7/24/2018,0.938,-1.684
7/25/2018,0.847,-1.478
7/26/2018,0.933,-1.438
7/27/2018,0.860,-1.469
7/28/2018,0.970,-1.489
7/29/2018,0.854,-1.463
7/30/2018,0.917,-1.549
7/31/2018,0.927,-1.319
8/1/2018,0.860,-1.443
8/2/2018,0.561,-1.621
8/3/2018,0.850,-1.672
8/4/2018,0.576,-1.649
8/5/2018,0.140,-2.144
8/6/2018,0.728,-1.697
8/7/2018,0.722,-1.677
8/8/2018,0.746,-1.721
8/9/2018,0.664,-1.636
8/10/2018,0.722,-1.566
8/11/2018,0.398,-1.761
8/12/2018,0.195,-1.695
8/13/2018,0.788,-1.612
8/14/2018,0.562,-1.504
8/15/2018,0.828,-1.418
8/16/2018,0.914,-1.393
8/17/2018,0.782,-1.341
8/18/2018,0.556,-1.545
8/19/2018,1.111,-1.601
8/20/2018,0.863,-1.557
8/21/2018,0.686,-1.592
8/22/2018,0.741,-1.699
8/23/2018,0.753,-1.634
8/24/2018,0.779,-1.344
8/25/2018,0.647,-1.617
8/26/2018,0.600,-1.725
8/27/2018,0.961,-1.338
8/28/2018,1.191,-1.066
8/29/2018,1.078,-0.937
8/30/2018,0.912,-1.154
8/31/2018,1.044,-1.294
9/1/2018,0.928,-1.659
9/2/2018,0.886,-1.501
9/3/2018,0.902,-1.576
9/4/2018,0.771,-1.380
9/5/2018,0.987,-1.269
9/6/2018,1.144,-1.214
9/7/2018,0.674,-1.440
9/8/2018,0.640,-1.563
9/9/2018,0.483,-1.515
9/10/2018,0.685,-1.105
9/11/2018,0.810,-1.708
9/12/2018,1.037,-1.567
9/13/2018,0.916,-1.305
9/14/2018,1.042,-1.274
9/15/2018,0.689,-1.720
9/16/2018,0.249,-1.627
9/17/2018,0.899,-1.302
9/18/2018,0.882,-0.859
9/19/2018,1.082,-0.992
9/20/2018,1.066,-1.223
9/21/2018,0.936,-1.131
9/22/2018,0.662,-1.420
9/23/2018,0.418,-1.850
9/24/2018,0.207,-1.428
9/25/2018,0.742,-1.282
9/26/2018,0.804,-1.304
9/27/2018,0.920,-1.038
9/28/2018,0.606,-1.319
9/29/2018,0.692,-1.682
9/30/2018,0.697,-1.583
10/1/2018,1.348,-0.620
10/2/2018,0.917,-0.787
10/3/2018,1.119,-0.870
10/4/2018,0.726,-1.284
10/5/2018,0.502,-1.395
10/6/2018,0.445,-1.196
10/7/2018,0.560,-1.205
10/8/2018,0.794,-0.830
10/9/2018,0.899,-1.165
10/10/2018,1.220,-0.960
10/11/2018,0.989,-1.058
10/12/2018,1.070,-1.345
10/13/2018,1.100,-1.036
10/14/2018,0.586,-1.260
10/15/2018,1.138,-1.237
10/16/2018,0.683,-1.633
10/17/2018,0.836,-1.552
10/18/2018,0.404,-1.609
10/19/2018,0.628,-1.804
10/20/2018,0.840,-1.660
10/21/2018,0.865,-1.507
10/22/2018,0.892,-1.595
10/23/2018,0.809,-1.703
10/24/2018,0.703,-1.483
10/25/2018,0.906,-1.405
10/26/2018,1.037,-1.365
10/27/2018,0.602,-1.873
10/28/2018,-0.034,-2.782
10/29/2018,0.611,-1.876
10/30/2018,0.548,-1.661
10/31/2018,0.782,-1.617
11/1/2018,0.914,-1.272
11/2/2018,0.674,-1.593
11/3/2018,0.668,-1.856
11/4/2018,0.440,-2.128
11/5/2018,0.660,-1.694
11/6/2018,0.887,-1.437
11/7/2018,0.852,-1.326
11/8/2018,0.974,-1.243
11/9/2018,1.161,-1.378
11/10/2018,0.841,-1.503
11/11/2018,0.796,-1.476
11/12/2018,1.247,-0.976
11/13/2018,1.275,-1.030
11/14/2018,1.050,-1.393
11/15/2018,0.974,-0.946
11/16/2018,1.008,-1.255
11/17/2018,0.782,-1.576
11/18/2018,0.870,-1.243
11/19/2018,0.739,-1.435
11/20/2018,0.552,-1.547
11/21/2018,0.645,-1.362
11/22/2018,0.454,-1.606
11/23/2018,0.777,-1.418
11/24/2018,0.732,-1.395
11/25/2018,0.525,-1.732
11/26/2018,0.453,-1.800
11/27/2018,0.703,-1.620
11/28/2018,0.773,-1.489
11/29/2018,0.857,-1.417
11/30/2018,1.122,-1.029
12/1/2018,1.234,-0.650
12/2/2018,1.128,-1.042
12/3/2018,1.279,-1.021
12/4/2018,1.070,-0.999
12/5/2018,0.986,-1.160
12/6/2018,0.823,-1.525
12/7/2018,0.797,-1.674
12/8/2018,0.641,-1.958
12/9/2018,0.820,-1.602
12/10/2018,0.805,-1.263
12/11/2018,0.764,-1.435
12/12/2018,0.694,-1.742
12/13/2018,1.003,-1.443
12/14/2018,0.480,-1.681
12/15/2018,0.606,-1.560
12/16/2018,0.771,-1.128
12/17/2018,1.016,-1.239
12/18/2018,0.867,-1.308
12/19/2018,1.066,-1.556
12/20/2018,1.150,-1.539
12/21/2018,1.222,-1.615
12/22/2018,0.912,-1.802
12/23/2018,1.013,-1.738
12/24/2018,0.890,-1.583
12/25/2018,0.652,-1.643
12/26/2018,0.921,-1.393
12/27/2018,0.996,-1.587
12/28/2018,0.804,-1.506
12/29/2018,0.701,-1.643
12/30/2018,0.789,-1.550
12/31/2018,1.000,-1.898
1/1/2019,0.873,-1.386
1/2/2019,0.855,-1.473
1/3/2019,0.821,-1.661
1/4/2019,0.774,-1.782
1/5/2019,0.999,-1.629
1/6/2019,0.787,-1.898
1/7/2019,1.127,-1.292
1/8/2019,0.970,-1.291
1/9/2019,1.121,-1.705
1/10/2019,1.150,-1.265
1/11/2019,1.013,-1.733
1/12/2019,1.145,-1.531
1/13/2019,1.056,-1.694
1/14/2019,0.960,-1.449
1/15/2019,0.914,-1.517
1/16/2019,0.449,-1.731
1/17/2019,0.551,-1.818
1/18/2019,0.423,-1.843
1/19/2019,0.797,-1.484
1/20/2019,0.883,-1.307
1/21/2019,0.767,-1.225
1/22/2019,0.826,-1.280
1/23/2019,0.912,-1.239
1/24/2019,0.764,-1.387
1/25/2019,0.869,-1.446
1/26/2019,1.167,-1.670
1/27/2019,0.804,-1.819
1/28/2019,0.932,-1.400
1/29/2019,0.757,-1.614
1/30/2019,0.656,-1.693
1/31/2019,0.829,-1.348
2/1/2019,1.079,-1.302
2/2/2019,1.092,-1.445
2/3/2019,0.483,-1.452
2/4/2019,0.993,-1.381
2/5/2019,0.977,-1.353
2/6/2019,1.273,-1.208
2/7/2019,1.025,-1.082
2/8/2019,1.222,-1.423
2/9/2019,1.118,-0.909
2/10/2019,1.095,-1.077
2/11/2019,1.040,-0.734
2/12/2019,0.967,-1.219
2/13/2019,0.829,-1.361
2/14/2019,0.966,-1.143
2/15/2019,1.016,-1.645
2/16/2019,0.885,-1.373
2/17/2019,1.128,-1.439
2/18/2019,0.751,-1.422
2/19/2019,1.051,-1.313
2/20/2019,0.841,-1.158
2/21/2019,1.082,-1.236
2/22/2019,0.821,-1.485
2/23/2019,0.832,-1.284
2/24/2019,1.207,-1.557
2/25/2019,1.202,-1.201
2/26/2019,0.936,-1.385
2/27/2019,0.928,-1.286
2/28/2019,0.968,-1.171
3/1/2019,0.806,-1.421
3/2/2019,0.505,-1.568
3/3/2019,0.648,-1.518
3/4/2019,0.930,-1.389
3/5/2019,1.061,-1.146
3/6/2019,0.833,-1.398
3/7/2019,0.656,-1.306
3/8/2019,0.761,-1.603
3/9/2019,0.510,-1.759
3/10/2019,1.010,-0.746
3/11/2019,1.054,-1.415
3/12/2019,0.891,-1.423
3/13/2019,0.666,-1.386
3/14/2019,0.568,-1.538
3/15/2019,0.520,-1.759
3/16/2019,0.096,-2.265
3/17/2019,0.145,-1.914
3/18/2019,0.712,-1.626
3/19/2019,0.514,-1.404
3/20/2019,0.850,-1.112
3/21/2019,0.703,-1.277
3/22/2019,0.755,-1.551
3/23/2019,-0.060,-1.781
3/24/2019,0.323,-1.617
3/25/2019,0.676,-1.655
3/26/2019,0.909,-1.543
3/27/2019,0.824,-1.313
3/28/2019,0.898,-1.694
3/29/2019,0.910,-1.487
3/30/2019,0.814,-1.646
3/31/2019,0.513,-1.515
4/1/2019,0.726,-1.393
4/2/2019,0.873,-1.239
4/3/2019,0.855,-1.362
4/4/2019,0.973,-1.171
4/5/2019,0.500,-1.739
4/6/2019,0.496,-1.802
4/7/2019,0.904,-1.698
4/8/2019,0.979,-1.492
4/9/2019,0.727,-1.729
4/10/2019,0.797,-1.408
4/11/2019,0.747,-2.534
4/12/2019,0.491,-2.529
4/13/2019,0.421,-2.048
4/14/2019,0.800,-2.232
4/15/2019,0.825,-1.725
4/16/2019,0.942,-1.379
4/17/2019,0.722,-1.583
4/18/2019,0.835,-1.410
4/19/2019,0.857,-1.413
4/20/2019,0.466,-1.940
4/21/2019,0.191,-2.259
4/22/2019,0.746,-1.517
4/23/2019,1.090,-1.249
4/24/2019,0.840,-1.206
4/25/2019,0.814,-1.180
4/26/2019,0.760,-1.519
4/27/2019,0.820,-1.763
4/28/2019,0.602,-1.604
4/29/2019,0.970,-1.149
4/30/2019,0.814,-1.399
5/1/2019,0.405,-2.095
5/2/2019,0.627,-1.814
5/3/2019,0.904,-1.626
5/4/2019,0.723,-1.264
5/5/2019,0.471,-2.009
5/6/2019,0.881,-0.950
5/7/2019,1.174,-1.303
5/8/2019,0.969,-1.149
5/9/2019,0.769,-1.413
5/10/2019,0.974,-1.514
5/11/2019,0.847,-1.588
5/12/2019,0.782,-1.258
5/13/2019,0.675,-1.828
5/14/2019,0.862,-1.445
5/15/2019,0.837,-1.500
5/16/2019,0.616,-1.678
5/17/2019,1.043,-1.499
5/18/2019,1.065,-1.315
5/19/2019,0.522,-1.548
5/20/2019,0.745,-1.503
5/21/2019,0.780,-1.353
5/22/2019,0.927,-1.275
5/23/2019,0.848,-1.353
5/24/2019,0.996,-1.544
5/25/2019,1.098,-1.347
5/26/2019,0.940,-1.472
5/27/2019,1.102,-0.944
5/28/2019,0.906,-0.988
5/29/2019,0.853,-1.312
5/30/2019,0.933,-1.403
5/31/2019,0.572,-1.959
6/1/2019,0.476,-1.627
6/2/2019,0.647,-1.556
6/3/2019,0.928,-1.453
6/4/2019,0.752,-1.065
6/5/2019,0.935,-1.207
6/6/2019,0.949,-0.962
6/7/2019,0.653,-1.411
6/8/2019,0.930,-1.764
6/9/2019,0.850,-1.454
6/10/2019,0.632,-1.409
6/11/2019,0.900,-1.305
6/12/2019,1.046,-1.108
6/13/2019,0.915,-1.574
6/14/2019,0.734,-1.668
6/15/2019,0.675,-1.632
6/16/2019,0.551,-1.768
6/17/2019,0.713,-1.534
6/18/2019,0.942,-1.316
6/19/2019,0.834,-1.265
6/20/2019,0.756,-1.495
6/21/2019,0.671,-1.354
6/22/2019,0.430,-1.689
6/23/2019,-0.196,-2.073
6/24/2019,0.337,-1.796
6/25/2019,0.653,-1.460
6/26/2019,0.876,-1.403
6/27/2019,0.759,-1.618
6/28/2019,0.894,-1.286
6/29/2019,1.321,-1.042
6/30/2019,1.269,-1.131
7/1/2019,1.086,-1.165
7/2/2019,1.273,-1.155
7/3/2019,1.131,-1.328
7/4/2019,1.255,-0.672
7/5/2019,0.959,-0.975
7/6/2019,0.745,-1.432
7/7/2019,1.393,-1.155
7/8/2019,1.036,-1.274
7/9/2019,0.901,-1.580
7/10/2019,0.914,-1.341
7/11/2019,0.745,-1.410
7/12/2019,1.058,-1.279
7/13/2019,0.605,-1.751
7/14/2019,0.696,-1.846
7/15/2019,0.853,-1.686
7/16/2019,0.545,-1.940
7/17/2019,0.668,-1.902
7/18/2019,0.709,-1.735
7/19/2019,0.678,-1.470
7/20/2019,0.468,-1.564
7/21/2019,0.809,-1.640
7/22/2019,0.836,-1.579
7/23/2019,0.935,-1.388
7/24/2019,0.619,-1.471
7/25/2019,0.716,-1.483
7/26/2019,0.879,-1.541
7/27/2019,0.803,-1.923
7/28/2019,0.513,-1.808
7/29/2019,0.773,-1.517
7/30/2019,0.649,-1.957
7/31/2019,0.518,-1.717
8/1/2019,0.755,-1.504
8/2/2019,0.885,-1.800
8/3/2019,0.645,-1.885
8/4/2019,0.516,-2.094
8/5/2019,0.842,-1.722
8/6/2019,0.744,-1.972
8/7/2019,0.710,-1.453
8/8/2019,0.657,-1.619
8/9/2019,0.632,-1.550
8/10/2019,0.272,-1.904
8/11/2019,0.299,-1.703
8/12/2019,0.894,-1.378
8/13/2019,0.828,-1.427
8/14/2019,0.629,-1.625
8/15/2019,0.705,-1.484
8/16/2019,0.649,-1.346
8/17/2019,0.408,-1.440
8/18/2019,0.323,-2.049
8/19/2019,0.884,-1.307
8/20/2019,0.854,-1.532
8/21/2019,0.848,-1.728
8/22/2019,0.804,-1.549
8/23/2019,0.741,-1.714
8/24/2019,1.022,-1.553
8/25/2019,1.398,-1.330
8/26/2019,1.124,-1.343
8/27/2019,1.056,-1.337
8/28/2019,1.072,-1.292
8/29/2019,1.034,-1.178
8/30/2019,1.110,-1.047
8/31/2019,0.642,-1.515
9/1/2019,0.269,-1.797
9/2/2019,1.046,-1.023
9/3/2019,0.920,-1.353
9/4/2019,1.023,-1.175
9/5/2019,0.982,-1.269
9/6/2019,1.143,-1.011
9/7/2019,1.299,-1.351
9/8/2019,0.909,-1.816
9/9/2019,1.243,-1.266
9/10/2019,1.237,-1.050
9/11/2019,0.784,-1.345
9/12/2019,0.777,-1.455
9/13/2019,1.076,-1.289
9/14/2019,0.290,-2.039
9/15/2019,0.412,-1.920
9/16/2019,0.708,-1.662
9/17/2019,0.776,-1.515
9/18/2019,0.681,-1.375
9/19/2019,0.872,-1.480
9/20/2019,1.017,-1.328
9/21/2019,0.991,-1.584
9/22/2019,0.804,-1.461
9/23/2019,1.176,-0.935
9/24/2019,1.119,-1.274
9/25/2019,1.056,-1.293
9/26/2019,0.938,-1.247
9/27/2019,0.964,-1.578
9/28/2019,0.857,-1.568
9/29/2019,0.806,-1.512
9/30/2019,0.735,-1.543
10/1/2019,0.984,-1.428
10/2/2019,0.926,-1.318
10/3/2019,0.923,-1.173
10/4/2019,1.150,-1.176
10/5/2019,1.083,-1.285
10/6/2019,0.852,-1.526
10/7/2019,0.908,-1.564
10/8/2019,1.165,-1.262
10/9/2019,0.845,-1.454
10/10/2019,0.507,-1.608
10/11/2019,0.741,-1.620
10/12/2019,0.339,-2.022
10/13/2019,0.667,-1.926
10/14/2019,1.067,-1.320
10/15/2019,0.953,-1.417
10/16/2019,0.926,-1.540
10/17/2019,1.286,-1.373
10/18/2019,0.710,-1.706
10/19/2019,0.694,-1.782
10/20/2019,0.656,-1.498
10/21/2019,0.836,-1.632
10/22/2019,0.870,-1.405
10/23/2019,0.934,-1.430
10/24/2019,0.894,-1.510
10/25/2019,0.967,-1.148
10/26/2019,0.979,-1.539
10/27/2019,0.041,-1.975
10/28/2019,0.497,-1.479
10/29/2019,0.640,-1.414
10/30/2019,0.752,-1.499
10/31/2019,0.757,-1.670
11/1/2019,0.872,-1.576
11/2/2019,0.758,-1.530
11/3/2019,0.602,-1.504
11/4/2019,0.853,-1.438
11/5/2019,0.956,-1.268
11/6/2019,0.932,-1.021
11/7/2019,0.945,-1.137
11/8/2019,1.008,-1.212
11/9/2019,0.774,-1.423
11/10/2019,0.725,-1.332
11/11/2019,0.644,-1.593
11/12/2019,1.234,-1.173
11/13/2019,0.980,-1.492
11/14/2019,0.929,-1.296
11/15/2019,1.035,-1.346
11/16/2019,0.600,-1.832
11/17/2019,0.654,-1.680
11/18/2019,0.799,-1.551
11/19/2019,0.823,-1.843
11/20/2019,0.709,-1.582
11/21/2019,0.954,-1.477
11/22/2019,0.918,-1.532
11/23/2019,0.612,-1.730
11/24/2019,0.575,-1.640
11/25/2019,0.943,-1.190
11/26/2019,0.731,-1.335
11/27/2019,0.724,-1.659
11/28/2019,0.814,-1.537
11/29/2019,1.077,-1.522
11/30/2019,0.409,-2.060
12/1/2019,0.374,-2.043
12/2/2019,0.794,-1.535
12/3/2019,1.091,-1.274
12/4/2019,1.194,-1.273
12/5/2019,1.041,-1.499
12/6/2019,0.876,-1.385
12/7/2019,0.561,-1.732
12/8/2019,0.893,-1.127
12/9/2019,0.960,-1.529
12/10/2019,1.151,-1.025
12/11/2019,0.876,-1.315
12/12/2019,1.011,-1.260
12/13/2019,0.879,-0.816
12/14/2019,0.782,-1.285
12/15/2019,1.056,-1.273
12/16/2019,0.816,-1.344
12/17/2019,0.802,-1.499
12/18/2019,0.821,-1.586
12/19/2019,0.893,-1.786
12/20/2019,1.036,-1.510
12/21/2019,0.396,-2.114
12/22/2019,0.706,-1.620
12/23/2019,0.263,-1.812
12/24/2019,0.634,-1.523
12/25/2019,1.052,-0.892
12/26/2019,0.704,-1.389
12/27/2019,0.584,-1.459
12/28/2019,0.151,-2.054
12/29/2019,0.228,-2.325
12/30/2019,0.048,-2.283
12/31/2019,-0.597,-2.632
1/1/2020,-3.363,-3.417
1/2/2020,-0.525,-3.611
1/3/2020,-1.039,-3.179
1/4/2020,-1.028,-3.221
1/5/2020,-1.593,-3.681
1/6/2020,-0.583,-2.799
1/7/2020,-0.113,-2.586
1/8/2020,-0.835,-2.883
1/9/2020,-0.189,-2.164
1/10/2020,0.162,-2.196
1/11/2020,-0.499,-2.580
1/12/2020,-0.161,-2.534
1/13/2020,0.287,-1.864
1/14/2020,0.715,-1.609
1/15/2020,0.738,-1.541
1/16/2020,1.157,-1.383
1/17/2020,0.391,-1.708
1/18/2020,0.941,-1.425
1/19/2020,0.743,-1.979
1/20/2020,0.672,-1.390
1/21/2020,0.702,-1.561
1/22/2020,0.851,-1.636
1/23/2020,0.821,-1.867
1/24/2020,0.533,-2.246
1/25/2020,0.463,-2.143
1/26/2020,0.268,-2.162
1/27/2020,0.463,-1.655
1/28/2020,0.649,-1.696
1/29/2020,0.720,-1.216
1/30/2020,1.170,-1.208
1/31/2020,0.680,-1.653
2/1/2020,0.596,-1.820
2/2/2020,0.665,-1.442
2/3/2020,1.124,-1.104
2/4/2020,0.815,-1.478
2/5/2020,0.600,-1.444
2/6/2020,0.977,-1.422
2/7/2020,0.905,-1.496
2/8/2020,0.624,-1.770
2/9/2020,0.572,-1.508
2/10/2020,0.565,-1.322
2/11/2020,0.720,-1.256
2/12/2020,0.829,-1.197
2/13/2020,0.810,-1.352
2/14/2020,0.721,-1.174
2/15/2020,0.919,-1.464
2/16/2020,0.546,-1.611
2/17/2020,1.081,-1.488
2/18/2020,0.965,-1.633
2/19/2020,0.805,-1.336
2/20/2020,1.303,-1.235
2/21/2020,1.035,-1.041
2/22/2020,1.212,-1.141
2/23/2020,0.868,-1.350
2/24/2020,0.948,-1.230
2/25/2020,0.709,-1.343
2/26/2020,0.661,-1.918
2/27/2020,0.632,-1.748
2/28/2020,1.050,-1.228
2/29/2020,1.812,-0.866
3/1/2020,1.186,-1.512
3/2/2020,1.175,-1.311
3/3/2020,1.070,-1.068
3/4/2020,1.044,-1.286
3/5/2020,0.907,-1.313
3/6/2020,0.793,-1.802
3/7/2020,0.793,-1.734
3/8/2020,0.686,-1.570
3/9/2020,1.057,-1.287
3/10/2020,1.310,-1.571
3/11/2020,0.815,-1.911
3/12/2020,0.181,-2.766
3/13/2020,0.319,-2.289
3/14/2020,0.615,-2.321
3/15/2020,0.827,-2.164
3/16/2020,0.801,-1.918
3/17/2020,0.708,-2.187
3/18/2020,0.644,-2.165
3/19/2020,0.996,-1.967
3/20/2020,1.056,-2.168
3/21/2020,1.037,-2.048
3/22/2020,1.262,-2.377
3/23/2020,1.330,-1.953
3/24/2020,1.226,-1.852
3/25/2020,1.346,-1.804
3/26/2020,1.268,-1.920
3/27/2020,1.162,-1.973
3/28/2020,1.151,-2.069
3/29/2020,0.865,-2.049
3/30/2020,1.317,-1.635
3/31/2020,1.355,-1.708
4/1/2020,1.059,-2.069
4/2/2020,0.941,-2.466
4/3/2020,0.943,-2.277
4/4/2020,0.925,-2.297
4/5/2020,0.928,-2.319
4/6/2020,1.103,-1.773
4/7/2020,0.941,-2.039
4/8/2020,1.097,-1.604
4/9/2020,1.130,-1.765
4/10/2020,0.981,-1.791
4/11/2020,0.783,-2.268
4/12/2020,1.081,-2.129
4/13/2020,1.391,-1.701
4/14/2020,1.321,-1.543
4/15/2020,1.266,-2.049
4/16/2020,1.351,-1.687
4/17/2020,1.563,-1.599
4/18/2020,1.118,-2.048
4/19/2020,0.856,-2.080
4/20/2020,0.976,-1.662
4/21/2020,1.141,-1.891
4/22/2020,0.764,-1.658
4/23/2020,0.967,-1.727
4/24/2020,1.176,-1.555
4/25/2020,1.278,-1.727
4/26/2020,0.561,-1.748
4/27/2020,1.130,-1.793
4/28/2020,1.058,-1.427
4/29/2020,0.884,-1.348
4/30/2020,0.890,-1.550
5/1/2020,0.945,-1.459
5/2/2020,0.903,-1.854
5/3/2020,0.504,-2.162
5/4/2020,0.814,-1.923
5/5/2020,0.947,-1.753
5/6/2020,1.070,-1.511
5/7/2020,0.849,-1.929
5/8/2020,0.898,-1.816
5/9/2020,0.917,-1.854
5/10/2020,0.876,-2.344
5/11/2020,1.066,-1.816
5/12/2020,0.810,-1.736
5/13/2020,0.760,-1.866
5/14/2020,0.900,-1.996
5/15/2020,0.989,-1.799
5/16/2020,0.815,-1.952
5/17/2020,0.654,-2.301
5/18/2020,0.763,-1.616
5/19/2020,0.821,-1.448
5/20/2020,0.876,-1.626
5/21/2020,1.042,-1.807
5/22/2020,1.100,-1.652
5/23/2020,1.044,-1.851
5/24/2020,0.534,-1.782
5/25/2020,0.783,-1.759
5/26/2020,0.920,-1.637
5/27/2020,0.554,-2.100
5/28/2020,0.337,-2.372
5/29/2020,-0.118,-2.812
5/30/2020,-0.242,-3.417
5/31/2020,-0.411,-3.618
6/1/2020,-0.385,-3.511
6/2/2020,-0.249,-3.388
6/3/2020,-0.295,-3.523
6/4/2020,0.112,-3.028
6/5/2020,-0.092,-2.829
6/6/2020,-1.050,-2.754
6/7/2020,-0.879,-3.079
6/8/2020,-0.245,-2.810
6/9/2020,0.233,-2.527
6/10/2020,0.322,-2.531
6/11/2020,0.403,-2.446
6/12/2020,0.303,-2.604
6/13/2020,0.087,-2.717
6/14/2020,-0.275,-2.725
6/15/2020,0.384,-2.520
6/16/2020,0.637,-2.279
6/17/2020,0.458,-2.284
6/18/2020,0.493,-2.271
6/19/2020,0.308,-2.140
6/20/2020,0.353,-2.558
6/21/2020,0.093,-2.472
6/22/2020,0.666,-1.880
6/23/2020,0.647,-1.724
6/24/2020,0.732,-1.963
6/25/2020,0.795,-1.981
6/26/2020,0.480,-2.118
6/27/2020,0.062,-2.360
6/28/2020,0.174,-2.205
6/29/2020,0.327,-2.083
6/30/2020,0.536,-1.834
7/1/2020,0.964,-1.463
7/2/2020,0.948,-1.539
7/3/2020,0.598,-1.810
7/4/2020,0.484,-1.859
7/5/2020,0.355,-1.749
7/6/2020,0.477,-1.874
7/7/2020,0.599,-1.997
7/8/2020,0.783,-1.838
7/9/2020,0.742,-1.739
7/10/2020,0.807,-1.573
7/11/2020,0.706,-1.788
7/12/2020,0.162,-2.008
7/13/2020,0.677,-1.910
7/14/2020,0.742,-1.747
7/15/2020,0.830,-1.691
7/16/2020,0.679,-1.730
7/17/2020,0.641,-1.669
7/18/2020,0.472,-2.261
7/19/2020,0.067,-2.151
7/20/2020,0.546,-1.727
7/21/2020,0.719,-1.791
7/22/2020,0.597,-1.880
7/23/2020,0.759,-1.658
7/24/2020,0.596,-1.878
7/25/2020,0.653,-2.011
7/26/2020,0.315,-2.157
7/27/2020,0.709,-1.865
7/28/2020,0.567,-1.575
7/29/2020,0.733,-1.659
7/30/2020,0.801,-1.597
7/31/2020,0.846,-1.759
8/1/2020,0.936,-1.655
8/2/2020,0.528,-1.794
8/3/2020,1.153,-1.588
8/4/2020,0.584,-1.660
8/5/2020,0.811,-1.658
8/6/2020,0.728,-2.013
8/7/2020,0.522,-1.912
8/8/2020,0.104,-2.742
8/9/2020,0.661,-2.103
8/10/2020,0.721,-1.742
8/11/2020,0.744,-1.522
8/12/2020,1.012,-1.208
8/13/2020,1.172,-1.096
8/14/2020,1.095,-1.534
8/15/2020,0.776,-1.511
8/16/2020,0.847,-1.478
8/17/2020,0.537,-1.346
8/18/2020,0.584,-1.762
8/19/2020,0.550,-1.469
8/20/2020,0.629,-1.401
8/21/2020,0.635,-1.676
8/22/2020,0.602,-1.927
8/23/2020,0.210,-2.097
8/24/2020,0.693,-1.602
8/25/2020,0.654,-1.683
8/26/2020,0.425,-1.775
8/27/2020,0.605,-1.613
8/28/2020,0.772,-1.563
8/29/2020,0.488,-1.707
8/30/2020,0.287,-2.120
8/31/2020,0.932,-1.476
9/1/2020,0.664,-1.842
9/2/2020,0.844,-1.820
9/3/2020,0.554,-2.017
9/4/2020,0.689,-1.719
9/5/2020,0.375,-2.001
9/6/2020,0.451,-2.413
9/7/2020,0.473,-2.083
9/8/2020,0.543,-1.822
9/9/2020,0.840,-1.472
9/10/2020,0.869,-1.659
9/11/2020,0.752,-1.614
9/12/2020,1.155,-1.475
9/13/2020,0.888,-1.767
9/14/2020,0.871,-1.436
9/15/2020,0.422,-1.592
9/16/2020,0.659,-1.508
9/17/2020,0.770,-1.304
9/18/2020,0.728,-1.586
9/19/2020,0.739,-1.375
9/20/2020,0.511,-1.213
9/21/2020,0.618,-1.342
9/22/2020,0.847,-1.438
9/23/2020,0.605,-1.598
9/24/2020,0.547,-1.532
9/25/2020,0.708,-1.264
9/26/2020,0.377,-1.697
9/27/2020,0.650,-1.522
9/28/2020,0.651,-1.505
9/29/2020,0.884,-1.298
9/30/2020,0.749,-1.443
10/1/2020,1.010,-1.494
10/2/2020,1.014,-1.541
10/3/2020,0.734,-1.500
10/4/2020,0.771,-1.522
10/5/2020,0.894,-1.438
10/6/2020,0.720,-1.536
10/7/2020,0.995,-1.552
10/8/2020,1.107,-1.198
10/9/2020,1.059,-1.371
10/10/2020,0.794,-1.530
10/11/2020,0.702,-1.417
10/12/2020,0.854,-1.163
10/13/2020,1.050,-1.585
10/14/2020,1.379,-0.819
10/15/2020,1.130,-1.194
10/16/2020,0.664,-1.534
10/17/2020,0.785,-1.523
10/18/2020,0.970,-1.621
10/19/2020,1.046,-1.405
10/20/2020,0.989,-1.037
10/21/2020,0.541,-1.283
10/22/2020,0.800,-1.568
10/23/2020,0.413,-2.047
10/24/2020,0.824,-2.200
10/25/2020,0.582,-1.723
10/26/2020,0.743,-1.679
10/27/2020,0.679,-1.177
10/28/2020,0.996,-1.233
10/29/2020,0.846,-1.349
10/30/2020,1.104,-1.134
10/31/2020,0.883,-1.503
11/1/2020,1.082,-1.634
11/2/2020,0.888,-1.100
11/3/2020,0.570,-1.519
11/4/2020,0.610,-1.141
11/5/2020,0.709,-1.300
11/6/2020,1.057,-1.439
11/7/2020,0.744,-2.357
11/8/2020,1.135,0.962
11/9/2020,1.383,-0.537
11/10/2020,1.153,-1.377
11/11/2020,1.124,-0.710
11/12/2020,1.106,-1.010
11/13/2020,1.009,-1.096
11/14/2020,-0.132,-1.640
11/15/2020,0.714,-1.634
11/16/2020,1.274,-1.333
11/17/2020,1.265,-1.005
11/18/2020,1.277,-1.239
11/19/2020,1.027,-1.286
11/20/2020,1.060,-1.335
11/21/2020,0.845,-1.659
11/22/2020,0.409,-1.575
11/23/2020,1.018,-0.744
11/24/2020,1.141,-1.246
11/25/2020,0.995,-1.149
11/26/2020,1.250,-1.351
11/27/2020,0.857,-1.506
11/28/2020,0.777,-2.048
11/29/2020,0.752,-1.803
11/30/2020,1.066,-1.080
12/1/2020,0.950,-1.087
12/2/2020,1.030,-1.034
12/3/2020,0.965,-1.066
12/4/2020,1.067,-1.323
12/5/2020,1.081,-1.544
12/6/2020,0.751,-1.604
12/7/2020,0.973,-1.064
12/8/2020,0.902,-1.015
12/9/2020,1.263,-1.018
12/10/2020,1.330,-0.982
12/11/2020,1.249,-0.944
12/12/2020,1.042,-1.453
12/13/2020,0.984,-1.274
12/14/2020,1.082,-1.069
12/15/2020,1.132,-1.004
12/16/2020,1.389,-0.877
12/17/2020,1.097,-0.851
12/18/2020,0.692,-1.024
12/19/2020,0.429,-1.459
12/20/2020,0.190,-1.564
12/21/2020,1.130,-1.276
12/22/2020,1.202,-1.083
12/23/2020,0.868,-1.203
12/24/2020,0.763,-1.685
12/25/2020,0.736,-1.672
12/26/2020,0.787,-1.384
12/27/2020,0.580,-1.831
12/28/2020,0.757,-1.185
12/29/2020,0.998,-1.337
12/30/2020,0.796,-1.692
12/31/2020,0.838,-1.370
1/1/2021,0.299,-1.535
1/2/2021,0.362,-2.027
1/3/2021,0.206,-2.563
1/4/2021,0.145,-3.090
1/5/2021,0.786,-1.596
1/6/2021,0.250,-2.428
1/7/2021,-0.049,-2.648
1/8/2021,0.259,-2.661
1/9/2021,0.300,-2.515
1/10/2021,0.140,-2.529
1/11/2021,0.490,-2.193
1/12/2021,0.289,-1.979
1/13/2021,0.534,-2.151
1/14/2021,0.450,-2.162
1/15/2021,0.423,-1.707
1/16/2021,0.329,-1.791
1/17/2021,0.149,-1.804
1/18/2021,0.620,-1.895
1/19/2021,0.806,-1.519
1/20/2021,1.048,-0.864
1/21/2021,0.991,-0.681
1/22/2021,1.059,-1.347
1/23/2021,0.842,-1.409
1/24/2021,0.651,-1.606
1/25/2021,0.876,-1.270
1/26/2021,0.950,-1.136
1/27/2021,0.992,-1.468
1/28/2021,0.584,-1.803
1/29/2021,0.892,-1.535
1/30/2021,0.739,-1.670
1/31/2021,0.464,-1.870
2/1/2021,1.071,-1.122
2/2/2021,0.917,-1.545
2/3/2021,0.768,-1.679
2/4/2021,0.883,-1.475
2/5/2021,0.882,-1.429
2/6/2021,1.038,-1.204
2/7/2021,0.647,-1.683
2/8/2021,1.144,-1.183
2/9/2021,0.932,-1.920
2/10/2021,0.493,-1.961
2/11/2021,0.715,-1.690
2/12/2021,0.901,-1.848
2/13/2021,0.799,-2.361
2/14/2021,0.616,-2.344
2/15/2021,1.077,-1.612
2/16/2021,0.681,-1.764
2/17/2021,0.804,-1.307
2/18/2021,1.020,-1.096
2/19/2021,1.260,-0.923
2/20/2021,1.052,-1.300
2/21/2021,0.896,-1.865
2/22/2021,1.063,-1.372
2/23/2021,0.686,-1.480
2/24/2021,0.963,-1.168
2/25/2021,0.873,-1.121
2/26/2021,0.159,-1.420
2/27/2021,0.456,-1.378
2/28/2021,0.670,-1.300
3/1/2021,0.793,-1.169
3/2/2021,1.008,-1.239
3/3/2021,0.661,-1.476
3/4/2021,0.512,-1.441
3/5/2021,0.747,-1.402
3/6/2021,0.763,-1.604
3/7/2021,0.343,-1.830
3/8/2021,1.061,-0.936
3/9/2021,0.714,-1.355
3/10/2021,1.071,-0.822
3/11/2021,0.897,-1.136
3/12/2021,1.142,-1.119
3/13/2021,0.589,-1.915
3/14/2021,0.826,-1.471
3/15/2021,1.123,-1.066
3/16/2021,1.282,-0.953
3/17/2021,0.749,-1.425
3/18/2021,0.799,-1.657
3/19/2021,0.568,-1.790
3/20/2021,0.351,-2.021
3/21/2021,0.401,-1.867
3/22/2021,0.540,-1.805
3/23/2021,0.822,-1.456
3/24/2021,0.923,-1.326
3/25/2021,0.944,-1.264
3/26/2021,0.697,-1.765
3/27/2021,0.506,-1.857
3/28/2021,0.097,-2.718
3/29/2021,0.525,-1.902
3/30/2021,0.773,-1.874
3/31/2021,0.858,-1.858
4/1/2021,1.203,-1.422
4/2/2021,0.992,-1.922
4/3/2021,0.691,-2.073
4/4/2021,0.530,-1.709
4/5/2021,0.969,-1.612
4/6/2021,0.772,-1.429
4/7/2021,0.765,-1.277
4/8/2021,0.870,-1.368
4/9/2021,0.741,-1.451
4/10/2021,1.057,-1.280
4/11/2021,0.640,-1.603
4/12/2021,0.494,-1.628
4/13/2021,0.963,-1.695
4/14/2021,1.311,-1.587
4/15/2021,1.121,-1.483
4/16/2021,0.941,-1.600
4/17/2021,0.405,-1.790
4/18/2021,0.719,-1.978
4/19/2021,0.739,-1.651
4/20/2021,0.884,-1.453
4/21/2021,0.419,-1.875
4/22/2021,0.817,-1.333
4/23/2021,0.855,-1.455
4/24/2021,0.780,-1.622
4/25/2021,0.655,-2.051
4/26/2021,1.063,-0.975
4/27/2021,1.071,-1.159
4/28/2021,1.002,-1.171
4/29/2021,1.126,-0.849
4/30/2021,0.843,-1.335
5/1/2021,0.911,-1.439
5/2/2021,0.608,-1.955
5/3/2021,0.956,-1.427
5/4/2021,0.992,-1.210
5/5/2021,0.749,-1.298
5/6/2021,1.206,-0.753
5/7/2021,0.838,-1.110
5/8/2021,0.821,-1.625
5/9/2021,0.551,-1.958
5/10/2021,1.257,-1.465
5/11/2021,0.772,-1.374
5/12/2021,0.810,-1.466
5/13/2021,0.907,-1.379
5/14/2021,0.884,-1.445
5/15/2021,0.680,-1.794
5/16/2021,0.037,-2.098
5/17/2021,0.570,-1.327
5/18/2021,0.822,-1.408
5/19/2021,0.937,-1.515
5/20/2021,0.886,-1.507
5/21/2021,1.315,-1.074
5/22/2021,0.999,-1.392
5/23/2021,0.676,-1.888
5/24/2021,0.830,-1.479
5/25/2021,0.866,-1.610
5/26/2021,0.867,-1.439
5/27/2021,1.215,-1.227
5/28/2021,0.754,-1.444
5/29/2021,0.552,-1.767
5/30/2021,0.532,-1.736
5/31/2021,0.737,-1.389
6/1/2021,0.833,-1.213
6/2/2021,0.965,-1.289
6/3/2021,1.015,-1.263
6/4/2021,0.812,-1.350
6/5/2021,1.308,-1.044
6/6/2021,0.691,-1.613
6/7/2021,1.302,-1.314
6/8/2021,1.208,-1.283
6/9/2021,1.093,-1.288
6/10/2021,1.263,-1.367
6/11/2021,1.308,-1.042
6/12/2021,1.124,-1.411
6/13/2021,1.230,-0.664
6/14/2021,1.102,-1.474
6/15/2021,1.246,-1.121
6/16/2021,1.212,-1.014
6/17/2021,0.901,-1.152
6/18/2021,1.326,-0.785
6/19/2021,1.173,-1.218
6/20/2021,1.037,-1.322
6/21/2021,0.920,-1.418
6/22/2021,0.998,-1.306
6/23/2021,0.675,-1.633
6/24/2021,0.928,-1.739
6/25/2021,0.943,-1.600
6/26/2021,0.512,-1.805
6/27/2021,0.557,-1.810
6/28/2021,0.620,-1.207
6/29/2021,0.695,-1.225
6/30/2021,0.839,-1.458
7/1/2021,1.204,-1.161
7/2/2021,1.383,-1.259
7/3/2021,0.575,-1.687
7/4/2021,0.906,-0.939
7/5/2021,1.067,-0.920
7/6/2021,1.107,-1.117
7/7/2021,0.548,-1.742
7/8/2021,0.803,-1.623
7/9/2021,0.679,-1.819
7/10/2021,0.921,-1.640
7/11/2021,0.657,-1.618
7/12/2021,1.142,-1.445
7/13/2021,0.969,-1.623
7/14/2021,0.720,-1.719
7/15/2021,0.679,-1.386
7/16/2021,0.867,-1.562
7/17/2021,0.769,-1.389
7/18/2021,0.570,-1.607
7/19/2021,1.002,-1.414
7/20/2021,1.099,-1.295
7/21/2021,0.823,-1.587
7/22/2021,0.915,-1.415
7/23/2021,1.191,-1.330
7/24/2021,0.878,-2.082
7/25/2021,0.837,-1.556
7/26/2021,1.029,-1.516
7/27/2021,0.913,-1.611
7/28/2021,1.156,-1.397
7/29/2021,1.205,-1.007
7/30/2021,0.796,-1.391
7/31/2021,0.649,-1.971
8/1/2021,0.582,-1.456
8/2/2021,0.650,-1.323
8/3/2021,0.909,-1.283
8/4/2021,0.875,-1.185
8/5/2021,1.053,-1.099
8/6/2021,0.827,-1.393
8/7/2021,0.436,-2.163
8/8/2021,0.554,-1.526
8/9/2021,1.101,-1.332
8/10/2021,0.773,-1.301
8/11/2021,1.157,-1.380
8/12/2021,1.109,-1.580
8/13/2021,0.915,-1.576
8/14/2021,0.532,-2.138
8/15/2021,0.886,-2.056
8/16/2021,0.940,-2.092
8/17/2021,1.431,-1.870
8/18/2021,1.123,-1.533
8/19/2021,1.017,-1.822
8/20/2021,1.219,-1.822
8/21/2021,0.908,-2.166
8/22/2021,0.793,-2.135
8/23/2021,1.015,-2.012
8/24/2021,1.192,-1.898
8/25/2021,1.345,-1.580
8/26/2021,0.262,-2.616
8/27/2021,0.276,-3.085
8/28/2021,-0.033,-2.510
8/29/2021,-0.117,-2.729
8/30/2021,0.745,-1.938
8/31/2021,1.201,-1.839
9/1/2021,1.264,-1.301
9/2/2021,1.371,-1.219
9/3/2021,1.203,-1.684
9/4/2021,0.913,-1.788
9/5/2021,0.584,-1.731
9/6/2021,0.444,-1.405
9/7/2021,1.214,-1.159
9/8/2021,0.856,-1.230
9/9/2021,0.887,-1.194
9/10/2021,0.713,-1.636
9/11/2021,0.561,-2.116
9/12/2021,0.869,-1.441
9/13/2021,0.875,-1.368
9/14/2021,1.054,-1.238
9/15/2021,1.171,-1.198
9/16/2021,0.964,-1.077
9/17/2021,0.932,-1.087
9/18/2021,0.749,-1.457
9/19/2021,0.581,-1.145
9/20/2021,1.301,-0.713
9/21/2021,1.395,-0.868
9/22/2021,1.498,-0.830
9/23/2021,0.935,-1.034
9/24/2021,1.393,-1.331
9/25/2021,0.826,-1.444
9/26/2021,0.768,-1.337
9/27/2021,1.000,-0.963
9/28/2021,1.019,-1.369
9/29/2021,0.974,-1.339
9/30/2021,0.830,-1.512
10/1/2021,1.142,-1.114
10/2/2021,0.735,-1.663
10/3/2021,0.953,-1.569
10/4/2021,1.129,-1.048
10/5/2021,1.159,-0.837
10/6/2021,0.973,-1.222
10/7/2021,1.237,-0.726
10/8/2021,1.250,-0.872
10/9/2021,1.182,-1.326
10/10/2021,0.900,-1.482
10/11/2021,1.018,-0.835
10/12/2021,1.201,-0.774
10/13/2021,1.203,-0.855
10/14/2021,1.136,-0.839
10/15/2021,1.155,-1.125
10/16/2021,0.764,-1.736
10/17/2021,0.532,-1.618
10/18/2021,0.927,-1.074
10/19/2021,1.080,-1.328
10/20/2021,0.756,-1.044
10/21/2021,0.763,-1.298
10/22/2021,0.938,-1.420
10/23/2021,1.017,-1.881
10/24/2021,0.851,-1.741
10/25/2021,0.834,-1.471
10/26/2021,0.901,-1.189
10/27/2021,0.968,-1.304
10/28/2021,0.950,-1.070
10/29/2021,0.857,-1.355
10/30/2021,0.816,-1.161
10/31/2021,1.058,-1.405
11/1/2021,1.415,-1.001
11/2/2021,1.247,-0.755
11/3/2021,0.894,-0.915
11/4/2021,0.827,-1.374
11/5/2021,1.096,-1.124
11/6/2021,0.929,-1.264
11/7/2021,0.364,-1.645
11/8/2021,0.745,-1.153
11/9/2021,0.680,-1.294
11/10/2021,1.014,-1.063
11/11/2021,1.189,-0.905
11/12/2021,0.874,-1.557
11/13/2021,0.558,-1.862
11/14/2021,0.904,-1.476
11/15/2021,0.869,-1.318
11/16/2021,0.954,-1.214
11/17/2021,1.249,-0.909
11/18/2021,0.818,-1.130
11/19/2021,1.157,-1.088
11/20/2021,1.090,-1.432
11/21/2021,0.981,-1.580
11/22/2021,1.118,-0.814
11/23/2021,1.071,-1.276
11/24/2021,0.928,-1.220
11/25/2021,0.996,-1.066
11/26/2021,1.408,-1.246
11/27/2021,1.344,-1.050
11/28/2021,0.888,-1.413
11/29/2021,1.074,-1.014
11/30/2021,1.029,-1.054
12/1/2021,1.149,-1.256
12/2/2021,1.123,-0.968
12/3/2021,1.452,-0.918
12/4/2021,1.059,-1.374
12/5/2021,0.908,-1.749
12/6/2021,0.990,-1.274
12/7/2021,1.218,-1.133
12/8/2021,1.225,-1.257
12/9/2021,1.240,-1.021
12/10/2021,0.510,-1.997
12/11/2021,0.728,-1.647
12/12/2021,0.884,-1.622
12/13/2021,0.913,-1.301
12/14/2021,1.072,-1.401
12/15/2021,1.238,-1.401
12/16/2021,1.193,-1.179
12/17/2021,0.916,-1.134
12/18/2021,0.756,-1.401
12/19/2021,0.987,-1.241
12/20/2021,0.887,-1.089
12/21/2021,0.915,-1.171
12/22/2021,0.919,-1.287
12/23/2021,0.899,-1.121
12/24/2021,0.855,-1.440
12/25/2021,1.044,-1.317
12/26/2021,0.677,-1.552
12/27/2021,0.486,-1.704
12/28/2021,1.062,-1.655
12/29/2021,0.409,-1.621
12/30/2021,1.065,-1.341
12/31/2021,0.635,-1.460
1/1/2022,0.875,-0.939
1/2/2022,0.684,-1.718
1/3/2022,1.200,-1.548
1/4/2022,0.703,-1.853
1/5/2022,0.618,-1.770
1/6/2022,0.286,-1.825
1/7/2022,0.706,-1.600
1/8/2022,1.160,-1.666
1/9/2022,0.836,-1.167
1/10/2022,0.783,-1.608
1/11/2022,0.951,-1.301
1/12/2022,1.109,-1.248
1/13/2022,0.504,-1.502
1/14/2022,0.570,-1.358
1/15/2022,0.652,-1.764
1/16/2022,0.383,-1.862
1/17/2022,0.677,-1.512
1/18/2022,1.095,-1.305
1/19/2022,0.893,-1.133
1/20/2022,1.134,-1.199
1/21/2022,0.977,-1.276
1/22/2022,0.653,-1.804
1/23/2022,0.496,-1.858
1/24/2022,0.568,-1.754
1/25/2022,0.782,-1.507
1/26/2022,1.109,-1.691
1/27/2022,1.250,-1.013
1/28/2022,1.047,-1.256
1/29/2022,0.801,-1.688
1/30/2022,0.629,-2.190
1/31/2022,1.302,-1.472
2/1/2022,0.979,-1.418
2/2/2022,1.009,-1.258
2/3/2022,0.265,-1.527
2/4/2022,0.921,-1.150
2/5/2022,0.935,-1.372
2/6/2022,0.779,-1.496
2/7/2022,1.240,-1.043
2/8/2022,1.110,-1.166
2/9/2022,0.905,-0.955
2/10/2022,0.996,-1.258
2/11/2022,1.164,-1.643
2/12/2022,0.768,-1.900
2/13/2022,0.924,-1.880
2/14/2022,1.036,-1.260
2/15/2022,0.993,-1.529
2/16/2022,1.129,-1.509
2/17/2022,0.965,-1.248
2/18/2022,0.789,-1.661
2/19/2022,0.281,-1.998
2/20/2022,0.306,-1.842
2/21/2022,0.863,-1.551
2/22/2022,0.844,-1.246
2/23/2022,0.674,-1.493
2/24/2022,0.266,-1.877
2/25/2022,0.405,-2.206
2/26/2022,0.489,-1.837
2/27/2022,0.423,-1.999
2/28/2022,0.580,-1.574
3/1/2022,0.473,-1.682
3/2/2022,0.638,-1.685
3/3/2022,0.952,-1.511
3/4/2022,0.815,-1.772
3/5/2022,0.641,-2.022
3/6/2022,1.317,-1.570
3/7/2022,1.716,-2.138
3/8/2022,1.157,-1.297
3/9/2022,0.981,-1.514
3/10/2022,1.073,-1.280
3/11/2022,1.074,-1.487
3/12/2022,0.883,-1.668
3/13/2022,0.021,-2.254
3/14/2022,0.685,-1.684
3/15/2022,0.643,-1.481
3/16/2022,0.942,-1.443
3/17/2022,0.732,-1.720
3/18/2022,0.865,-1.656
3/19/2022,0.651,-1.434
3/20/2022,0.564,-1.464
3/21/2022,0.547,-1.595
3/22/2022,0.881,-1.071
3/23/2022,1.027,-0.973
3/24/2022,1.056,-1.326
3/25/2022,1.099,-1.239
3/26/2022,1.310,-1.094
3/27/2022,1.121,-1.661
3/28/2022,1.059,-1.283
3/29/2022,0.955,-0.894
3/30/2022,1.373,-0.982
3/31/2022,1.226,-1.214
4/1/2022,1.181,-0.854
4/2/2022,0.720,-1.550
4/3/2022,0.626,-1.329
4/4/2022,0.730,-1.314
4/5/2022,1.135,-1.258
4/6/2022,0.612,-1.369
4/7/2022,0.970,-1.324
4/8/2022,0.602,-1.233
4/9/2022,0.569,-1.253
4/10/2022,0.526,-1.462
4/11/2022,1.187,-0.949
4/12/2022,0.764,-1.307
4/13/2022,0.873,-1.227
4/14/2022,0.743,-1.489
4/15/2022,0.505,-1.375
4/16/2022,0.497,-1.845
4/17/2022,0.768,-1.714
4/18/2022,1.144,-1.058
4/19/2022,0.773,-1.114
4/20/2022,1.073,-1.587
4/21/2022,0.978,-1.500
4/22/2022,0.774,-1.494
4/23/2022,0.543,-1.182
4/24/2022,0.803,-1.420
4/25/2022,1.127,-0.924
4/26/2022,1.102,-1.112
4/27/2022,1.196,-1.393
4/28/2022,1.165,-1.316
4/29/2022,1.219,-1.278
4/30/2022,1.060,-1.381
5/1/2022,1.144,-0.935
5/2/2022,1.018,-1.029
5/3/2022,0.859,-1.069
5/4/2022,0.911,-1.096
5/5/2022,0.790,-1.068
5/6/2022,1.140,-0.947
5/7/2022,1.192,-1.140
5/8/2022,1.321,-0.992
5/9/2022,1.151,-0.832
5/10/2022,0.874,-0.923
5/11/2022,0.800,-1.179
5/12/2022,0.821,-1.299
5/13/2022,1.272,-0.657
5/14/2022,0.931,-1.362
5/15/2022,0.821,-1.513
5/16/2022,0.714,-1.219
5/17/2022,0.939,-1.189
5/18/2022,1.141,-1.227
5/19/2022,1.023,-0.939
5/20/2022,1.191,-1.189
5/21/2022,0.904,-1.054
5/22/2022,0.949,-1.503
5/23/2022,0.957,-1.033
5/24/2022,1.160,-0.924
5/25/2022,0.662,-1.158
5/26/2022,0.648,-1.369
5/27/2022,0.527,-1.297
5/28/2022,0.377,-1.186
5/29/2022,0.740,-1.533
5/30/2022,0.631,-1.367
5/31/2022,1.002,-0.746
6/1/2022,1.102,-0.601
6/2/2022,0.922,-0.586
6/3/2022,0.730,-1.571
6/4/2022,0.412,-1.339
6/5/2022,0.325,-1.325
6/6/2022,0.665,-1.222
6/7/2022,1.039,-1.308
6/8/2022,1.046,-0.709
6/9/2022,0.834,-0.920
6/10/2022,0.810,-1.142
6/11/2022,0.979,-1.248
6/12/2022,0.804,-1.320
6/13/2022,0.811,-0.922
6/14/2022,1.146,-1.053
6/15/2022,1.340,-0.477
6/16/2022,0.882,-1.146
6/17/2022,0.568,-1.754
6/18/2022,0.483,-1.634
6/19/2022,0.627,-1.008
6/20/2022,0.942,-1.076
6/21/2022,0.922,-0.878
6/22/2022,1.087,-0.962
6/23/2022,0.770,-1.219
6/24/2022,1.228,-1.198
6/25/2022,0.637,-1.722
6/26/2022,0.505,-1.714
6/27/2022,1.114,-1.195
6/28/2022,1.058,-1.169
6/29/2022,1.107,-0.855
6/30/2022,1.133,-0.644
7/1/2022,1.049,-0.680
7/2/2022,0.765,-1.406
7/3/2022,0.458,-1.596
7/4/2022,0.520,-0.943
7/5/2022,0.866,-0.851
7/6/2022,0.856,-0.989
7/7/2022,1.062,-0.800
7/8/2022,0.453,-1.304
7/9/2022,0.824,-1.171
7/10/2022,0.982,-1.146
7/11/2022,0.666,-1.064
7/12/2022,0.831,-0.992
7/13/2022,1.021,-0.857
7/14/2022,0.984,-1.049
7/15/2022,1.118,-1.003
7/16/2022,0.770,-1.042
7/17/2022,0.949,-1.079
7/18/2022,1.182,-0.729
7/19/2022,0.826,-1.070
7/20/2022,0.996,-0.718
7/21/2022,1.078,-1.261
7/22/2022,1.147,-1.044
7/23/2022,0.898,-1.399
7/24/2022,1.070,-1.300
7/25/2022,0.618,-1.041
7/26/2022,1.263,-0.825
7/27/2022,1.105,-0.988
7/28/2022,1.158,-1.307
7/29/2022,0.914,-1.427
7/30/2022,1.124,-1.568
7/31/2022,0.700,-1.202
8/1/2022,1.010,-1.228
8/2/2022,0.622,-1.833
8/3/2022,0.801,-1.713
8/4/2022,0.771,-1.527
8/5/2022,0.852,-1.593
8/6/2022,0.857,-1.719
8/7/2022,0.756,-1.631
8/8/2022,1.115,-1.290
8/9/2022,1.091,-1.214
8/10/2022,0.813,-1.329
8/11/2022,0.737,-1.252
8/12/2022,0.774,-1.244
8/13/2022,0.489,-1.772
8/14/2022,0.368,-1.944
8/15/2022,1.046,-1.301
8/16/2022,0.703,-1.298
8/17/2022,0.827,-1.368
8/18/2022,0.882,-1.229
8/19/2022,1.113,-1.213
8/20/2022,0.538,-1.576
8/21/2022,0.799,-1.316
8/22/2022,1.003,-1.101
8/23/2022,0.959,-1.245
8/24/2022,1.178,-0.970
8/25/2022,0.646,-1.083
8/26/2022,0.420,-1.282
8/27/2022,0.944,-1.042
8/28/2022,1.281,-0.958
8/29/2022,0.854,-1.201
8/30/2022,1.081,-1.227
8/31/2022,1.117,-0.927
9/1/2022,1.431,-0.796
9/2/2022,0.995,-0.959
9/3/2022,0.994,-1.068
9/4/2022,0.565,-1.119
9/5/2022,0.964,-1.073
9/6/2022,0.985,-0.952
9/7/2022,1.232,-0.637
9/8/2022,1.663,-0.456
9/9/2022,1.139,-0.381
9/10/2022,1.270,-0.856
9/11/2022,0.814,-1.288
9/12/2022,0.818,-0.715
9/13/2022,1.030,-0.915
9/14/2022,1.068,-0.868
9/15/2022,1.580,-0.802
9/16/2022,1.269,-0.684
9/17/2022,0.896,-0.945
9/18/2022,0.987,-0.907
9/19/2022,1.077,-1.013
9/20/2022,1.128,-0.950
9/21/2022,1.050,-0.952
9/22/2022,0.898,-1.317
9/23/2022,0.956,-0.923
9/24/2022,1.112,-1.249
9/25/2022,0.756,-1.342
9/26/2022,0.763,-1.236
9/27/2022,0.927,-1.252
9/28/2022,0.974,-0.963
9/29/2022,1.311,-1.213
9/30/2022,1.068,-0.968
10/1/2022,0.697,-1.027
10/2/2022,0.951,-1.735
10/3/2022,0.987,-0.973
10/4/2022,0.880,-0.953
10/5/2022,0.559,-1.230
10/6/2022,0.859,-1.341
10/7/2022,0.677,-1.265
10/8/2022,0.670,-1.547
10/9/2022,1.002,-1.257
10/10/2022,0.981,-1.576
10/11/2022,1.173,-0.994
10/12/2022,1.169,-0.918
10/13/2022,0.959,-1.031
10/14/2022,0.980,-1.036
10/15/2022,1.187,-0.986
10/16/2022,0.864,-1.307
10/17/2022,0.995,-0.940
10/18/2022,0.920,-1.086
10/19/2022,1.030,-0.951
10/20/2022,1.075,-1.124
10/21/2022,1.031,-1.138
10/22/2022,0.262,-1.449
10/23/2022,0.506,-1.352
10/24/2022,1.055,-1.393
10/25/2022,1.113,-1.098
10/26/2022,1.062,-1.040
10/27/2022,0.987,-1.021
10/28/2022,1.025,-0.820
10/29/2022,0.897,-1.416
10/30/2022,0.429,-1.668
10/31/2022,0.926,-1.073
11/1/2022,0.668,-1.253
11/2/2022,0.686,-1.463
11/3/2022,0.913,-1.298
11/4/2022,1.170,-0.807
11/5/2022,0.817,-1.326
11/6/2022,0.702,-1.329
11/7/2022,0.737,-0.870
11/8/2022,1.225,-0.744
11/9/2022,0.965,-0.719
11/10/2022,1.307,-0.980
11/11/2022,1.176,-0.360
11/12/2022,1.340,-0.740
11/13/2022,0.976,-1.114
11/14/2022,1.208,-1.059
11/15/2022,1.060,-1.148
11/16/2022,0.972,-1.005
11/17/2022,1.312,-1.021
11/18/2022,0.903,-1.129
11/19/2022,0.632,-1.138
11/20/2022,0.500,-1.272
11/21/2022,1.094,-0.747
11/22/2022,1.340,-1.079
11/23/2022,0.796,-1.163
11/24/2022,0.792,-1.101
11/25/2022,1.087,-0.767
11/26/2022,0.912,-1.026
11/27/2022,0.822,-1.076
11/28/2022,0.755,-1.292
11/29/2022,1.075,-1.010
11/30/2022,1.121,-0.698
12/1/2022,0.972,-1.131
12/2/2022,1.004,-1.199
12/3/2022,0.980,-1.033
12/4/2022,1.052,-1.190
12/5/2022,1.426,-0.863
12/6/2022,0.992,-1.026
12/7/2022,0.778,-0.940
12/8/2022,0.859,-1.428
12/9/2022,1.130,-1.004
12/10/2022,0.571,-1.469
12/11/2022,0.715,-1.604
12/12/2022,0.921,-0.885
12/13/2022,1.023,-1.068
12/14/2022,0.732,-1.084
12/15/2022,1.068,-1.170
12/16/2022,0.948,-1.055
12/17/2022,0.811,-1.458
12/18/2022,0.653,-1.306
12/19/2022,0.942,-1.414
12/20/2022,0.993,-1.440
12/21/2022,1.256,-1.268
12/22/2022,1.318,-1.288
12/23/2022,0.553,-1.583
12/24/2022,0.584,-1.105
12/25/2022,0.551,-1.655
12/26/2022,0.593,-1.599
12/27/2022,0.570,-1.400
12/28/2022,1.088,-1.585
12/29/2022,0.691,-1.746
12/30/2022,0.761,-1.488
12/31/2022,0.761,-1.449
1/1/2023,0.762,-1.165
1/2/2023,1.084,-1.058
1/3/2023,0.600,-1.304
1/4/2023,0.806,-0.995
1/5/2023,0.917,-1.258
1/6/2023,0.633,-1.393
1/7/2023,0.536,-1.608
1/8/2023,0.688,-1.508
1/9/2023,0.888,-0.968
1/10/2023,1.081,-0.871
1/11/2023,0.972,-1.050
1/12/2023,0.989,-0.886
1/13/2023,0.973,-0.895
1/14/2023,0.747,-1.336
1/15/2023,0.595,-1.225
1/16/2023,0.833,-1.026
1/17/2023,0.941,-0.519
1/18/2023,1.216,-0.907
1/19/2023,0.768,-1.182
1/20/2023,1.096,-1.130
1/21/2023,0.704,-1.452
1/22/2023,0.887,-1.234
1/23/2023,1.206,-1.042
1/24/2023,0.818,-1.175
1/25/2023,1.082,-1.012
1/26/2023,0.535,-1.504
1/27/2023,0.324,-1.792
1/28/2023,0.463,-2.323
1/29/2023,0.619,-2.121
1/30/2023,0.854,-1.217
1/31/2023,0.956,-1.217
2/1/2023,0.651,-1.285
2/2/2023,0.905,-1.256
2/3/2023,0.765,-1.291
2/4/2023,0.365,-1.608
2/5/2023,0.118,-1.553
2/6/2023,0.793,-1.180
2/7/2023,1.116,-1.022
2/8/2023,1.058,-0.869
2/9/2023,0.816,-0.932
2/10/2023,1.069,-0.954
2/11/2023,0.432,-1.351
2/12/2023,0.595,-0.869
2/13/2023,0.613,-1.402
2/14/2023,0.898,-1.120
2/15/2023,0.848,-0.865
2/16/2023,1.028,-0.764
2/17/2023,0.767,-0.964
2/18/2023,0.169,-1.621
2/19/2023,0.661,-1.153
2/20/2023,1.034,-0.914
2/21/2023,1.109,-1.000
2/22/2023,1.106,-1.312
2/23/2023,0.900,-0.956
2/24/2023,1.142,-1.194
2/25/2023,0.698,-1.346
2/26/2023,0.922,-1.396
2/27/2023,0.969,-1.163
2/28/2023,0.798,-0.770
3/1/2023,0.908,-1.082
3/2/2023,1.187,-0.895
3/3/2023,1.256,-1.260
3/4/2023,0.881,-1.640
3/5/2023,0.633,-1.295
3/6/2023,0.473,-1.465
3/7/2023,0.493,-1.572
3/8/2023,0.863,-1.060
3/9/2023,1.039,-1.420
3/10/2023,0.673,-1.300
3/11/2023,1.080,-1.368
3/12/2023,0.745,-1.575
3/13/2023,0.772,-1.046
3/14/2023,0.903,-1.125
3/15/2023,1.094,-1.007
3/16/2023,0.657,-1.310
3/17/2023,1.106,-1.214
3/18/2023,0.470,-1.654
3/19/2023,0.707,-1.850
3/20/2023,0.991,-1.106
3/21/2023,1.198,-1.122
3/22/2023,1.027,-0.792
3/23/2023,1.062,-1.219
3/24/2023,0.655,-1.316
3/25/2023,0.852,-1.472
3/26/2023,0.768,-1.191
3/27/2023,0.721,-1.026
3/28/2023,0.595,-1.479
3/29/2023,0.814,-1.254
3/30/2023,0.656,-1.554
3/31/2023,1.052,-1.565
4/1/2023,0.844,-1.081
4/2/2023,0.868,-1.271
4/3/2023,1.083,-0.763
4/4/2023,0.737,-1.234
4/5/2023,0.923,-1.141
4/6/2023,1.054,-0.970
4/7/2023,0.539,-1.522
4/8/2023,0.510,-1.250
4/9/2023,0.745,-1.417
4/10/2023,0.713,-1.259
4/11/2023,0.778,-1.137
4/12/2023,0.813,-0.979
4/13/2023,0.829,-0.933
4/14/2023,0.953,-0.790
4/15/2023,0.892,-0.785
4/16/2023,0.776,-1.377
4/17/2023,0.876,-1.096
4/18/2023,0.972,-1.455
4/19/2023,1.110,-0.983
4/20/2023,1.222,-0.800
4/21/2023,1.132,-0.789
4/22/2023,0.960,-1.756
4/23/2023,0.865,-1.585
4/24/2023,0.957,-1.004
4/25/2023,0.924,-1.061
4/26/2023,0.908,-0.968
4/27/2023,0.967,-0.701
4/28/2023,1.160,-0.993
4/29/2023,1.236,-1.085
4/30/2023,0.885,-0.956
5/1/2023,1.215,-0.652
5/2/2023,0.991,-0.888
5/3/2023,0.781,-1.254
5/4/2023,0.943,-0.914
5/5/2023,1.091,-0.845
5/6/2023,1.285,-0.241
5/7/2023,0.801,-0.676
5/8/2023,1.059,-1.012
5/9/2023,1.233,-0.803
5/10/2023,1.048,-1.038
5/11/2023,1.145,-1.089
5/12/2023,1.057,-1.042
5/13/2023,1.099,-0.924
5/14/2023,0.971,-0.879
5/15/2023,0.916,-0.880
5/16/2023,0.992,-1.053
5/17/2023,1.065,-1.058
5/18/2023,0.865,-1.086
5/19/2023,1.023,-0.806
5/20/2023,1.070,-0.781
5/21/2023,1.295,-0.879
5/22/2023,1.059,-0.830
5/23/2023,1.228,-0.678
5/24/2023,1.304,-0.566
5/25/2023,1.176,-0.415
5/26/2023,1.133,-0.677
5/27/2023,0.920,-0.819
5/28/2023,0.882,-0.815
5/29/2023,1.058,-0.722
5/30/2023,0.961,-0.645
5/31/2023,0.823,-0.748
6/1/2023,1.036,-0.600
6/2/2023,1.112,-0.699
6/3/2023,1.053,-1.197
6/4/2023,0.931,-0.896
6/5/2023,0.935,-0.826
6/6/2023,0.923,-0.693
6/7/2023,0.811,-0.642
6/8/2023,1.221,-0.794
6/9/2023,1.080,-0.984
6/10/2023,0.827,-1.069
6/11/2023,0.519,-1.113
6/12/2023,1.212,-0.569
6/13/2023,1.112,-0.859
6/14/2023,0.903,-0.946
6/15/2023,0.791,-1.047
6/16/2023,0.837,-1.203
6/17/2023,0.965,-0.756
6/18/2023,1.009,-0.628
6/19/2023,1.376,-0.500
6/20/2023,1.333,-0.776
6/21/2023,0.937,-1.043
6/22/2023,1.378,-0.786
6/23/2023,1.157,-0.629
6/24/2023,1.044,-1.127
6/25/2023,1.086,-1.350
6/26/2023,1.240,-0.706
6/27/2023,1.311,-0.815
6/28/2023,0.831,-0.555
6/29/2023,1.063,-0.684
6/30/2023,1.283,-0.747
7/1/2023,1.084,-0.987
7/2/2023,1.223,-0.637
7/3/2023,1.200,-0.429
7/4/2023,1.239,-0.064
7/5/2023,1.198,-0.424
7/6/2023,1.144,-0.561
7/7/2023,0.969,-0.786
7/8/2023,0.963,-1.061
7/9/2023,0.817,-0.944
7/10/2023,1.199,-0.688
7/11/2023,1.190,-0.703
7/12/2023,1.198,-0.727
7/13/2023,1.437,-1.044
7/14/2023,1.260,-0.762
7/15/2023,1.103,-0.434
7/16/2023,1.135,-0.832
7/17/2023,1.274,-0.580
7/18/2023,1.077,-0.907
7/19/2023,1.058,-0.948
7/20/2023,1.574,-0.278
7/21/2023,0.965,-0.923
7/22/2023,1.092,-0.875
7/23/2023,0.398,-1.149
7/24/2023,0.888,-0.751
7/25/2023,0.942,-0.996
7/26/2023,1.221,-1.186
7/27/2023,1.074,-0.990
7/28/2023,1.211,-0.649
7/29/2023,0.673,-0.995
7/30/2023,0.892,-0.922
7/31/2023,1.120,-0.738
8/1/2023,0.918,-1.008
8/2/2023,0.798,-1.607
8/3/2023,0.479,-1.384
8/4/2023,0.951,-1.252
8/5/2023,0.799,-1.385
8/6/2023,0.883,-1.251
8/7/2023,0.973,-0.980
8/8/2023,0.871,-1.142
8/9/2023,1.029,-0.987
8/10/2023,0.528,-1.438
8/11/2023,0.816,-1.264
8/12/2023,0.872,-1.277
8/13/2023,0.818,-1.320
8/14/2023,1.058,-0.820
8/15/2023,1.278,-0.740
8/16/2023,0.960,-1.051
8/17/2023,0.770,-1.079
8/18/2023,0.967,-0.768
8/19/2023,0.940,-1.280
8/20/2023,1.361,-1.418
8/21/2023,1.079,-0.721
8/22/2023,1.205,-0.722
8/23/2023,1.242,-0.812
8/24/2023,0.955,-1.161
8/25/2023,0.950,-1.253
8/26/2023,0.707,-1.172
8/27/2023,-0.549,-1.788
8/28/2023,0.712,-1.105
8/29/2023,0.785,-1.075
8/30/2023,1.157,-1.012
8/31/2023,0.945,-0.784
9/1/2023,0.839,-1.022
9/2/2023,0.549,-1.272
9/3/2023,1.138,-0.644
9/4/2023,1.340,-0.610
9/5/2023,1.021,-0.632
9/6/2023,1.095,-0.839
9/7/2023,1.196,-0.877
9/8/2023,1.159,-0.757
9/9/2023,1.363,-0.845
9/10/2023,1.294,-0.450
9/11/2023,1.088,-1.082
9/12/2023,1.114,-0.976
9/13/2023,0.978,-0.970
9/14/2023,0.965,-0.633
9/15/2023,0.583,-1.335
9/16/2023,0.569,-1.334
9/17/2023,1.439,-0.525
9/18/2023,1.357,-1.054
9/19/2023,1.122,-0.982
9/20/2023,1.176,-1.236
9/21/2023,1.275,-0.790
9/22/2023,1.465,-0.496
9/23/2023,1.007,-0.836
9/24/2023,0.990,-0.850
9/25/2023,1.355,-0.811
9/26/2023,1.369,-0.530
9/27/2023,1.017,-0.959
9/28/2023,1.319,-0.534
9/29/2023,0.964,-0.990
9/30/2023,0.981,-0.955
10/1/2023,1.135,-0.544
10/2/2023,1.217,-0.693
10/3/2023,1.226,-0.592
10/4/2023,1.080,-0.783
10/5/2023,0.983,-0.553
10/6/2023,0.973,-1.186
10/7/2023,0.392,-1.630
10/8/2023,0.144,-2.480
10/9/2023,0.160,-1.996
10/10/2023,0.336,-1.773
10/11/2023,0.764,-1.802
10/12/2023,0.622,-1.691
10/13/2023,0.778,-1.701
10/14/2023,0.631,-1.809
10/15/2023,0.380,-1.711
10/16/2023,0.933,-1.634
10/17/2023,0.697,-1.437
10/18/2023,0.395,-2.299
10/19/2023,0.567,-1.797
10/20/2023,0.964,-1.754
10/21/2023,1.090,-2.034
10/22/2023,0.351,-2.353
10/23/2023,0.760,-1.609
10/24/2023,0.723,-1.471
10/25/2023,0.666,-1.157
10/26/2023,0.668,-1.433
10/27/2023,0.449,-1.648
10/28/2023,0.646,-1.543
10/29/2023,0.485,-1.538
10/30/2023,0.839,-1.103
10/31/2023,0.859,-1.318
11/1/2023,0.698,-1.587
11/2/2023,1.153,-0.995
11/3/2023,0.862,-1.243
11/4/2023,0.900,-1.797
11/5/2023,0.817,-1.693
11/6/2023,1.123,-1.172
11/7/2023,1.118,-1.413
11/8/2023,0.820,-1.207
11/9/2023,0.470,-1.207
11/10/2023,0.733,-0.717
11/11/2023,0.731,-1.252
11/12/2023,0.975,-1.122
11/13/2023,0.381,-1.088
11/14/2023,0.961,-0.708
11/15/2023,0.960,-0.921
11/16/2023,1.020,-0.999
11/17/2023,1.150,-0.914
11/18/2023,0.931,-1.386
11/19/2023,0.936,-0.999
11/20/2023,1.264,-0.689
11/21/2023,0.905,-0.922
11/22/2023,1.019,-1.057
11/23/2023,0.809,-0.941
11/24/2023,1.107,-0.986
11/25/2023,0.853,-1.340
11/26/2023,0.962,-1.697
11/27/2023,0.866,-1.485
11/28/2023,1.109,-1.274
11/29/2023,1.218,-0.655
11/30/2023,1.062,-1.149
12/1/2023,1.059,-1.000
12/2/2023,0.859,-1.583
12/3/2023,0.401,-1.791
12/4/2023,0.508,-1.315
12/5/2023,1.085,-1.129
12/6/2023,0.804,-1.628
12/7/2023,0.972,-1.062
12/8/2023,0.999,-1.138
12/9/2023,0.393,-2.257
12/10/2023,0.492,-1.791
12/11/2023,0.870,-1.429
12/12/2023,0.682,-1.200
12/13/2023,0.973,-0.956
12/14/2023,1.002,-0.973
12/15/2023,0.961,-0.715
12/16/2023,0.610,-1.311
12/17/2023,0.403,-1.512
12/18/2023,0.570,-1.096
12/19/2023,1.174,-0.922
12/20/2023,0.979,-1.119
12/21/2023,0.778,-1.147
12/22/2023,0.722,-1.486
12/23/2023,0.047,-1.939
12/24/2023,0.159,-1.585
12/25/2023,0.875,-1.193
12/26/2023,-0.020,-1.507
12/27/2023,0.464,-1.284
12/28/2023,0.843,-1.165
12/29/2023,0.447,-1.251
12/30/2023,0.166,-1.927
12/31/2023,0.453,-1.760
1/1/2024,0.100,-1.665
1/2/2024,0.682,-1.519
1/3/2024,0.221,-2.244
1/4/2024,0.020,-2.412
1/5/2024,0.889,-1.848
1/6/2024,0.664,-1.856
1/7/2024,0.303,-1.385
1/8/2024,1.239,-0.865
1/9/2024,0.672,-1.122
1/10/2024,0.576,-1.872
1/11/2024,0.736,-1.606
1/12/2024,-0.092,-2.065
1/13/2024,-0.181,-1.917
1/14/2024,0.662,-1.876
1/15/2024,0.197,-1.502
1/16/2024,0.525,-0.799
1/17/2024,0.937,-1.116
1/18/2024,0.209,-1.589
1/19/2024,0.397,-1.323
1/20/2024,0.116,-1.719
1/21/2024,0.203,-1.695
1/22/2024,0.638,-1.338
1/23/2024,0.660,-1.089
1/24/2024,0.485,-0.825
1/25/2024,0.863,-1.243
1/26/2024,0.612,-1.681
1/27/2024,0.712,-1.651
1/28/2024,0.315,-2.011
1/29/2024,0.524,-1.781
1/30/2024,0.540,-1.323
1/31/2024,0.597,-1.590
2/1/2024,0.596,-1.105
2/2/2024,0.461,-1.562
2/3/2024,-0.819,-2.239
2/4/2024,0.101,-1.752
2/5/2024,0.699,-1.023
2/6/2024,0.635,-1.424
2/7/2024,0.739,-1.240
2/8/2024,0.757,-1.248
2/9/2024,1.040,-0.971
2/10/2024,0.845,-1.292
2/11/2024,0.823,-1.440
2/12/2024,0.776,-1.086
2/13/2024,1.015,-0.599
2/14/2024,1.175,-1.124
2/15/2024,0.880,-0.967
2/16/2024,0.938,-0.982
2/17/2024,1.274,-1.011
2/18/2024,0.799,-0.868
2/19/2024,0.936,-1.285
2/20/2024,0.742,-1.738
2/21/2024,0.708,-1.483
2/22/2024,0.735,-1.217
2/23/2024,0.842,-1.169
2/24/2024,0.564,-1.198
2/25/2024,0.629,-1.160
2/26/2024,1.042,-0.970
2/27/2024,1.033,-1.034
2/28/2024,0.902,-0.720
2/29/2024,0.847,-0.772
3/1/2024,0.902,-0.836
3/2/2024,0.682,-1.060
3/3/2024,0.745,-1.122
3/4/2024,1.007,-1.151
3/5/2024,1.013,-0.941
3/6/2024,0.685,-0.815
3/7/2024,0.836,-0.958
3/8/2024,0.308,-1.477
3/9/2024,0.357,-1.676
3/10/2024,1.099,-1.263
3/11/2024,0.799,-0.806
3/12/2024,1.088,-0.783
3/13/2024,0.961,-1.310
3/14/2024,1.009,-0.837
3/15/2024,0.948,-0.951
3/16/2024,0.748,-0.976
3/17/2024,0.784,-1.195
3/18/2024,1.017,-0.888
3/19/2024,1.005,-0.862
3/20/2024,0.966,-0.813
3/21/2024,0.881,-0.824
3/22/2024,0.626,-1.503
3/23/2024,0.412,-2.272
3/24/2024,0.217,-2.054
3/25/2024,0.549,-1.842
3/26/2024,0.695,-1.859
3/27/2024,0.884,-1.175
3/28/2024,0.901,-1.383
3/29/2024,0.891,-1.278
3/30/2024,0.529,-1.685
3/31/2024,0.609,-1.283
4/1/2024,0.676,-1.387
4/2/2024,0.488,-1.173
4/3/2024,0.587,-1.152
4/4/2024,0.704,-1.109
4/5/2024,0.987,-0.781
4/6/2024,0.499,-1.330
4/7/2024,0.558,-1.644
4/8/2024,0.996,-1.057
4/9/2024,1.008,-1.072
4/10/2024,0.780,-1.126
4/11/2024,1.120,-0.847
4/12/2024,0.750,-1.278
4/13/2024,0.030,-1.769
4/14/2024,-0.111,-2.338
4/15/2024,0.546,-1.580
4/16/2024,0.673,-1.112
4/17/2024,0.810,-0.920
4/18/2024,0.406,-1.274
4/19/2024,0.553,-1.309
4/20/2024,0.428,-1.087
4/21/2024,0.853,-1.187
4/22/2024,0.798,-0.982
4/23/2024,0.785,-1.183
4/24/2024,0.966,-1.028
4/25/2024,1.071,-1.104
4/26/2024,1.153,-1.306
4/27/2024,0.863,-1.397
4/28/2024,0.390,-1.911
4/29/2024,0.936,-0.876
4/30/2024,0.716,-1.260
5/1/2024,0.608,-1.589
5/2/2024,0.447,-1.581
5/3/2024,0.680,-1.240
5/4/2024,0.310,-1.661
5/5/2024,0.706,-1.689
5/6/2024,0.549,-1.356
5/7/2024,0.647,-1.452
5/8/2024,0.902,-1.198
5/9/2024,0.688,-1.284
5/10/2024,0.681,-1.015
5/11/2024,0.648,-1.056
5/12/2024,0.669,-1.278
5/13/2024,0.932,-0.665
5/14/2024,0.989,-0.885
5/15/2024,0.758,-1.062
5/16/2024,0.996,-0.960
5/17/2024,1.179,-1.167
5/18/2024,0.934,-1.364
5/19/2024,0.941,-1.262
5/20/2024,0.381,-1.740
5/21/2024,0.779,-1.608
5/22/2024,0.967,-1.100
5/23/2024,1.004,-0.949
5/24/2024,1.164,-0.951
5/25/2024,0.851,-1.146
5/26/2024,0.627,-0.716
5/27/2024,0.808,-0.934
5/28/2024,1.006,-1.085
5/29/2024,0.857,-1.058
5/30/2024,0.929,-0.852
5/31/2024,0.621,-1.703
6/1/2024,0.617,-1.512
6/2/2024,0.804,-1.319
6/3/2024,1.130,-0.995
6/4/2024,0.917,-1.129
6/5/2024,0.877,-1.573
6/6/2024,0.447,-1.458
6/7/2024,0.744,-1.136
6/8/2024,0.661,-1.159
6/9/2024,0.848,-0.910
6/10/2024,1.024,-1.301
6/11/2024,1.235,-0.925
6/12/2024,1.012,-0.775
6/13/2024,1.401,-0.499
6/14/2024,1.725,-0.871
6/15/2024,1.232,-0.983
6/16/2024,1.298,-1.199
6/17/2024,0.910,-1.291
6/18/2024,0.961,-0.736
6/19/2024,1.095,-0.679
6/20/2024,1.026,-0.787
6/21/2024,0.895,-1.148
6/22/2024,0.692,-1.197
6/23/2024,0.849,-1.068
6/24/2024,0.773,-1.112
6/25/2024,0.780,-1.508
6/26/2024,0.875,-1.219
6/27/2024,0.955,-1.025
6/28/2024,0.847,-1.431
6/29/2024,0.895,-1.211
6/30/2024,0.727,-1.022
7/1/2024,0.842,-1.101
7/2/2024,0.992,-0.998
7/3/2024,0.905,-0.868
7/4/2024,1.251,-0.265
7/5/2024,0.978,-0.071
7/6/2024,1.160,-0.962
7/7/2024,0.478,-1.070
7/8/2024,1.409,-0.947
7/9/2024,1.300,-0.499
7/10/2024,1.055,-0.734
7/11/2024,1.135,-0.584
7/12/2024,1.227,-0.609
7/13/2024,1.001,-1.172
7/14/2024,-0.866,-2.330
7/15/2024,0.100,-1.295
7/16/2024,0.381,-1.145
7/17/2024,0.364,-1.085
7/18/2024,0.654,-1.176
7/19/2024,0.461,-1.739
7/20/2024,0.406,-1.010
7/21/2024,0.895,-0.568
7/22/2024,1.141,-0.515
7/23/2024,0.706,-0.884
7/24/2024,0.623,-1.232
7/25/2024,1.183,-0.912
7/26/2024,0.581,-1.102
7/27/2024,0.824,-1.020
7/28/2024,0.883,-1.037
7/29/2024,0.869,-1.034
7/30/2024,0.476,-1.399
7/31/2024,0.474,-1.685
8/1/2024,0.984,-1.734
8/2/2024,0.954,-1.236
8/3/2024,0.470,-1.536
8/4/2024,0.368,-2.105
8/5/2024,0.907,-1.437
8/6/2024,0.604,-1.534
8/7/2024,0.595,-1.302
8/8/2024,0.757,-1.151
8/9/2024,0.707,-1.232
8/10/2024,0.605,-1.507
8/11/2024,0.672,-2.235
8/12/2024,1.001,-1.660
8/13/2024,0.743,-1.423
8/14/2024,0.857,-1.392
8/15/2024,0.942,-1.607
8/16/2024,0.704,-1.375
8/17/2024,0.922,-1.351
8/18/2024,0.712,-1.148
8/19/2024,0.974,-0.853
8/20/2024,1.231,-0.844
8/21/2024,0.899,-1.005
8/22/2024,0.892,-0.862
8/23/2024,0.798,-0.834
8/24/2024,0.699,-1.284
8/25/2024,0.638,-1.780
8/26/2024,0.637,-1.215
8/27/2024,1.202,-0.995
8/28/2024,0.943,-1.127
8/29/2024,0.608,-1.413
8/30/2024,0.786,-1.122
8/31/2024,0.201,-1.137
9/1/2024,0.521,-2.129
9/2/2024,0.488,-1.534
9/3/2024,0.680,-1.377
9/4/2024,0.748,-1.241
9/5/2024,1.122,-1.040
9/6/2024,0.391,-1.526
9/7/2024,0.345,-1.345
9/8/2024,0.506,-1.844
9/9/2024,0.637,-1.108
9/10/2024,0.825,-1.037
9/11/2024,0.895,-1.559
9/12/2024,0.899,-0.934
9/13/2024,0.524,-1.568
9/14/2024,0.585,-1.531
9/15/2024,0.392,-1.405
9/16/2024,0.696,-0.818
9/17/2024,0.904,-1.180
9/18/2024,0.989,-1.030
9/19/2024,1.026,-0.934
9/20/2024,0.834,-1.395
9/21/2024,0.575,-1.114
9/22/2024,0.964,-0.937
9/23/2024,1.171,-1.179
9/24/2024,1.097,-0.768
9/25/2024,1.130,-0.945
9/26/2024,1.219,-0.819
9/27/2024,0.914,-1.090
9/28/2024,0.813,-1.171
9/29/2024,0.151,-1.376
9/30/2024,0.703,-0.898
10/1/2024,0.500,-1.090
10/2/2024,0.659,-1.534
10/3/2024,0.886,-1.133
10/4/2024,0.837,-0.892
10/5/2024,0.585,-1.563
10/6/2024,0.721,-1.025
10/7/2024,0.742,-1.540
10/8/2024,0.927,-1.134
10/9/2024,0.876,-1.054
10/10/2024,0.896,-0.774
10/11/2024,1.133,-0.775
10/12/2024,0.436,-1.245
10/13/2024,0.331,-1.278
10/14/2024,0.774,-0.988
10/15/2024,1.008,-0.660
10/16/2024,0.860,-0.908
10/17/2024,0.619,-1.050
10/18/2024,0.708,-1.016
10/19/2024,0.856,-1.562
10/20/2024,0.398,-1.269
10/21/2024,1.255,-0.761
10/22/2024,1.125,-0.940
10/23/2024,0.936,-1.083
10/24/2024,1.076,-1.260
10/25/2024,0.863,-1.336
10/26/2024,0.667,-1.650
10/27/2024,0.619,-1.636
10/28/2024,0.939,-1.044
10/29/2024,1.140,-1.028
10/30/2024,1.083,-0.981
10/31/2024,1.069,-0.690
11/1/2024,1.225,-0.317
11/2/2024,0.712,-1.164
11/3/2024,1.058,-0.856
11/4/2024,0.962,-0.346
11/5/2024,0.892,-0.649
11/6/2024,1.420,0.905
11/7/2024,1.257,0.096
11/8/2024,1.139,-0.565
11/9/2024,0.947,-0.746
11/10/2024,0.943,-0.630
11/11/2024,1.199,-0.170
11/12/2024,1.265,-0.307
11/13/2024,1.071,-0.494
11/14/2024,1.229,-0.344
11/15/2024,1.083,-0.553
11/16/2024,1.096,-0.701
11/17/2024,1.104,-1.128
11/18/2024,1.089,-0.809
11/19/2024,0.800,-0.986
11/20/2024,0.948,-1.104
11/21/2024,0.555,-1.629
11/22/2024,0.632,-1.514
11/23/2024,0.546,-1.443
11/24/2024,0.840,-1.211
11/25/2024,0.739,-0.965
11/26/2024,1.016,-1.268
11/27/2024,1.399,-1.023
11/28/2024,0.940,-0.617
11/29/2024,1.016,-1.116
11/30/2024,0.557,-1.119
12/1/2024,0.946,-0.726
12/2/2024,0.970,-1.594
12/3/2024,1.254,-1.008
12/4/2024,1.094,-1.017
12/5/2024,1.020,-1.187
12/6/2024,1.011,-0.798
12/7/2024,1.223,-0.480
12/8/2024,0.788,-1.241
12/9/2024,0.766,-1.113
12/10/2024,0.987,-0.862
12/11/2024,0.867,-0.957
12/12/2024,1.127,-1.146
12/13/2024,1.316,-0.766
12/14/2024,1.290,-0.848
12/15/2024,0.884,-0.755
12/16/2024,0.908,-1.361
12/17/2024,1.204,-1.318
12/18/2024,0.990,-1.020
12/19/2024,0.806,-0.988
12/20/2024,1.292,-1.038
12/21/2024,0.951,-1.187
12/22/2024,0.510,-1.594
12/23/2024,1.012,-1.056
12/24/2024,0.874,-1.312
12/25/2024,0.654,-0.880
12/26/2024,1.123,-0.766
12/27/2024,0.722,-1.117
12/28/2024,0.802,-1.173
12/29/2024,0.747,-0.687
12/30/2024,0.877,-0.904
12/31/2024,0.537,-1.184
,,
