Lag_Days,Window_Size,Year,Median_Raw_Correlation,Median_Standardized_Correlation,Median_Detrended_Correlation
-252,5,2013,,,
-252,5,2014,0.04677863495200851,0.04677863495200819,0.07325247328191362
-252,5,2015,-0.012430812594876847,-0.012430812594877175,-0.017436731491113293
-252,5,2016,-0.05449367395641162,-0.05449367395636324,-0.07220796295535803
-252,5,2017,0.12364581744563002,0.12364581744556588,0.10629365833172673
-252,5,2018,0.04191101257645946,0.04191101257642938,0.026094247927057314
-252,5,2019,0.044094816001461146,0.044094816001437456,0.025153380013437317
-252,5,2020,0.08046120299521795,0.08046120299512526,0.05910444732726744
-252,5,2021,-0.054234983815901305,-0.054234983815823146,-0.028778292789714596
-252,5,2022,0.034950986632176946,0.0349509866321794,0.022910017884027356
-252,5,2023,0.023516018228801762,0.023516018228806727,0.04000491683011102
-252,5,2024,-0.05243899254359297,-0.05243899254353949,-0.06325906313765262
-252,21,2013,,,
-252,21,2014,-0.06594169288255275,-0.06594169288255283,-0.10036341957366049
-252,21,2015,-0.057164010203162224,-0.05716401020316255,-0.04646889976013492
-252,21,2016,0.034041290049896644,0.03404129004989452,0.030694405018006014
-252,21,2017,-0.009205726788827138,-0.009205726788831262,-0.0010354222966281197
-252,21,2018,0.05342715982493344,0.05342715982493223,0.08372647972326515
-252,21,2019,0.015022020505913157,0.0150220205059113,0.0026013128467838676
-252,21,2020,0.004131620835880843,0.0041316208358793665,-0.014198412804667248
-252,21,2021,0.008420604817714013,0.008420604817711418,-0.0035920279627476314
-252,21,2022,-0.06110800025976079,-0.06110800025976323,-0.07984398711349888
-252,21,2023,0.014963022438095644,0.014963022438094307,0.03230506346199651
-252,21,2024,-0.10451955917364204,-0.10451955917364619,-0.09291349308930316
-252,63,2013,,,
-252,63,2014,,,
-252,63,2015,-0.03357504693669279,-0.033575046936692894,-0.0010535978738164785
-252,63,2016,-0.03565390836891302,-0.035653908368916166,-0.008566419733391784
-252,63,2017,-0.009494014476787181,-0.009494014476787991,-0.01011793800445507
-252,63,2018,-0.004265968550007714,-0.004265968550007871,0.008317579322862614
-252,63,2019,-0.032579045994136385,-0.03257904599413868,-0.021378560822299317
-252,63,2020,-0.0336296118258808,-0.03362961182588259,-0.04900518349642537
-252,63,2021,0.003744585120564121,0.0037445851205640656,0.002931457395712791
-252,63,2022,-0.045285506340684345,-0.04528550634068531,-0.05003362724856253
-252,63,2023,0.024178350030117292,0.024178350030120678,0.03804915243673411
-252,63,2024,0.023777517688608397,0.023777517688609317,0.014605423030151263
-252,126,2013,,,
-252,126,2014,,,
-252,126,2015,0.016564901929298506,0.01656490192929861,0.035924909645744546
-252,126,2016,-0.040119914919917926,-0.04011991491992113,-0.01894857206987635
-252,126,2017,-0.01074910878698555,-0.010749108786986816,-0.00818430352166082
-252,126,2018,0.040393273749029984,0.04039327374903393,0.04154264435543068
-252,126,2019,-0.02708778417451324,-0.027087784174516523,-0.027503857577255438
-252,126,2020,-0.014250395042978392,-0.01425039504298004,-0.022735307024441556
-252,126,2021,0.0030453834301106117,0.003045383430110744,-0.007830812723166382
-252,126,2022,-0.010218072058965553,-0.010218072058965985,-0.03016665838728043
-252,126,2023,0.052230703200055656,0.05223070320006033,0.04459572704375533
-252,126,2024,0.026635234534391344,0.026635234534393457,0.04389233167395481
-252,252,2013,,,
-252,252,2014,,,
-252,252,2015,-0.03531855679287553,-0.035318556792875516,-0.027830212022005543
-252,252,2016,-0.036168978596416324,-0.036168978596416185,-0.023474876311960893
-252,252,2017,-0.019494413374227887,-0.01949441337422761,-0.006496106296959598
-252,252,2018,0.046444828773246856,0.046444828773245996,0.04220974122020414
-252,252,2019,-0.024633415102011575,-0.024633415102010985,-0.018157481677988196
-252,252,2020,-0.011377095070218524,-0.011377095070218269,-0.021281711622959252
-252,252,2021,0.003928583306247022,0.0039285833062468935,-0.011938388958664128
-252,252,2022,-0.028430766755914678,-0.028430766755914574,-0.020718784986490314
-252,252,2023,0.0221503964505763,0.022150396450576218,0.01841746619381477
-252,252,2024,0.0370199126055545,0.03701991260555428,0.05651111036003877
-126,5,2013,,,
-126,5,2014,0.19668033640169127,0.1966803364016913,0.10116935120209168
-126,5,2015,-0.03402641489805752,-0.03402641489805747,-0.03852494403293072
-126,5,2016,-0.05762662048147855,-0.057626620481393845,-0.055080494098060026
-126,5,2017,0.038164510765258924,0.03816451076520722,0.0409584339176222
-126,5,2018,0.12924411854534296,0.12924411854519086,0.11196115407448477
-126,5,2019,0.11310205741045665,0.11310205741032808,0.12082229636307137
-126,5,2020,0.03986877531172032,0.039868775311685714,0.030611637251031578
-126,5,2021,-0.04527065118008067,-0.04527065118001382,0.0036659687874583263
-126,5,2022,0.16470726591558854,0.1647072659155253,0.17638025631060467
-126,5,2023,-0.14975823489294346,-0.149758234892734,-0.15214045313590516
-126,5,2024,-0.04916184316939764,-0.049161843169379646,-0.04459918465752316
-126,21,2013,,,
-126,21,2014,0.0014073652827957138,0.0014073652827957884,-0.0602062071968992
-126,21,2015,-0.00433164237354693,-0.004331642373547048,-0.0009301889893823073
-126,21,2016,-0.06542060254655524,-0.06542060254655674,-0.060022281793131106
-126,21,2017,0.057201218678448476,0.0572012186784481,0.07410734768013665
-126,21,2018,0.050168162830377026,0.05016816283037608,0.035676123472237975
-126,21,2019,0.0893791974318975,0.08937919743189773,0.08956119300894136
-126,21,2020,-0.038077812144716915,-0.03807781214471772,-0.059302903576107874
-126,21,2021,-0.07877660544734548,-0.07877660544735002,-0.046689310516802016
-126,21,2022,0.15967737501822485,0.1596773750182341,0.20019151549574873
-126,21,2023,-0.12701574172668834,-0.127015741726695,-0.10705141668141574
-126,21,2024,-0.030463366963954314,-0.030463366963957884,-0.02764873245040901
-126,63,2013,,,
-126,63,2014,-0.04954747392223286,-0.049547473922232896,-0.04100398285267552
-126,63,2015,-0.010696419815183742,-0.010696419815183777,-0.01912861114214831
-126,63,2016,-0.064410195023785,-0.06441019502378877,-0.06886968577692136
-126,63,2017,0.05193741484260573,0.051937414842611884,0.0566358616077178
-126,63,2018,0.09930592266838036,0.09930592266838588,0.0854891799932577
-126,63,2019,0.06825215182511007,0.06825215182511452,0.08776933370044396
-126,63,2020,-0.02678867366419766,-0.02678867366419793,-0.0362991569000281
-126,63,2021,-0.03363385263736093,-0.03363385263736201,-0.028450334352672718
-126,63,2022,0.11769342071745414,0.11769342071746469,0.13641446997656748
-126,63,2023,-0.08450824934065201,-0.08450824934066331,-0.08980627398339677
-126,63,2024,0.005462223050476855,0.00546222305047698,0.010958192638854562
-126,126,2013,,,
-126,126,2014,-0.0292521526223658,-0.029252152622365836,-0.028140747413483342
-126,126,2015,-0.03208995990916625,-0.03208995990916644,-0.03922073878009981
-126,126,2016,-0.06893059596631423,-0.06893059596632273,-0.061404594395502665
-126,126,2017,0.02517355193394706,0.025173551933949465,0.03581725249731061
-126,126,2018,0.0973770131746639,0.09737701317467437,0.09549315464178242
-126,126,2019,0.09974970936381997,0.09974970936383047,0.11573892010496807
-126,126,2020,-0.039043264176462436,-0.03904326417646873,-0.058026193499299494
-126,126,2021,-0.009815851488326127,-0.009815851488326716,-0.008373106540090158
-126,126,2022,0.07232530067229534,0.0723253006722993,0.10098371020750692
-126,126,2023,-0.03345847464398562,-0.03345847464398903,-0.05953215008921692
-126,126,2024,0.03204138721868755,0.03204138721868936,0.022956678834158646
-126,252,2013,,,
-126,252,2014,,,
-126,252,2015,-0.028005729084618073,-0.028005729084618,-0.036737499315306225
-126,252,2016,-0.047995610789855425,-0.047995610789855196,-0.04828586890330872
-126,252,2017,-0.0037417396607379813,-0.003741739660737987,0.003173460858850731
-126,252,2018,0.08807912293425418,0.08807912293425274,0.08759718022386745
-126,252,2019,0.09103889504029641,0.09103889504029375,0.12352289118384831
-126,252,2020,-0.02123344327217658,-0.021233443272176456,-0.028182495653560072
-126,252,2021,-0.017983445420021234,-0.017983445420021303,-0.0019162447241441003
-126,252,2022,0.048523388642130814,0.04852338864213053,0.07565547704872361
-126,252,2023,0.11676288246441872,0.11676288246441763,0.11540159091976848
-126,252,2024,0.020609071622078153,0.02060907162207799,-0.0007568039660290209
-63,5,2013,0.28971655782058076,0.2897165578205808,
-63,5,2014,-0.07109002585417856,-0.07109002585417647,-0.027479553703437194
-63,5,2015,0.12498411463306335,0.12498411463304784,0.12960612089648804
-63,5,2016,0.15863729240864666,0.1586372924085263,0.14589924562182696
-63,5,2017,-0.009293520388365444,-0.009293520388359115,-0.004321414684793378
-63,5,2018,0.02567002106393506,0.02567002106392187,0.029843801875874317
-63,5,2019,0.07150956213665968,0.07150956213661575,0.05867663065742493
-63,5,2020,-0.12333463082151645,-0.12333463082146688,-0.10676844716356608
-63,5,2021,-0.0436348329234149,-0.0436348329233721,-0.019326915473433445
-63,5,2022,-0.005395029999827934,-0.00539502999982275,-0.017776812432131563
-63,5,2023,-0.03701413965749459,-0.03701413965734053,-0.01706961716308092
-63,5,2024,0.002554552756989453,0.0025545527569983597,0.00613403203473494
-63,21,2013,,,
-63,21,2014,-0.08330080467054515,-0.08330080467054549,-0.03960545297256208
-63,21,2015,0.10123420206543707,0.10123420206543812,0.115860948781489
-63,21,2016,0.16410494826558786,0.16410494826559024,0.18105456560209995
-63,21,2017,0.029670163829865634,0.029670163829866484,0.012643109172480965
-63,21,2018,-0.019003519254405455,-0.019003519254405455,-0.03482949066886008
-63,21,2019,-0.011065439937290984,-0.011065439937291012,-0.027376458993600437
-63,21,2020,-0.06548824324004207,-0.06548824324004245,-0.036320952972886275
-63,21,2021,-0.006350017010347025,-0.0063500170103462684,-0.012829976540536112
-63,21,2022,0.011977312678254706,0.011977312678257985,-0.01583620439614731
-63,21,2023,-0.022799171459878937,-0.022799171459876706,-0.023360162756876864
-63,21,2024,0.03599220035051848,0.035992200350522426,0.03714041664442831
-63,63,2013,,,
-63,63,2014,-0.01508545093739193,-0.015085450937391894,-0.018518061693921357
-63,63,2015,0.13340237835246535,0.13340237835247395,0.13899198956935316
-63,63,2016,0.10327557248041991,0.10327557248042807,0.13048111819401773
-63,63,2017,0.03497505448705142,0.03497505448705421,0.05731141323073364
-63,63,2018,-0.06792656975818043,-0.0679265697581862,-0.07613782069352586
-63,63,2019,-0.01496879212669842,-0.014968792126699191,-0.0399066283258359
-63,63,2020,0.018020746029239955,0.018020746029241867,0.013102116138373143
-63,63,2021,-0.06016365807466219,-0.060163658074663236,-0.05792911442419953
-63,63,2022,-0.015484542463585601,-0.01548454246358746,-0.01616754849027775
-63,63,2023,-0.08873027801904204,-0.08873027801905067,-0.10055842843498324
-63,63,2024,0.07719497212807001,0.07719497212807463,0.06921460450543526
-63,126,2013,,,
-63,126,2014,-0.021362503863712953,-0.02136250386371301,-0.00842422875193845
-63,126,2015,0.0856412616589497,0.0856412616589505,0.0675152315609154
-63,126,2016,0.10622222350415852,0.10622222350417154,0.1341214570998311
-63,126,2017,-0.007181923866669657,-0.007181923866670012,-0.004322290286623927
-63,126,2018,-0.052302825800131965,-0.05230282580013694,-0.04802076106568912
-63,126,2019,-0.010518725238006638,-0.01051872523800761,-0.041659931123667754
-63,126,2020,-0.015753538255512182,-0.015753538255512792,-0.0508876860609876
-63,126,2021,-0.04956394669003368,-0.049563946690036984,-0.053360103233716025
-63,126,2022,-0.00213162425282891,-0.0021316242528290714,-0.00033103566366273005
-63,126,2023,-0.08449233349845509,-0.08449233349846325,-0.08387236655268566
-63,126,2024,0.0323233897095351,0.03232338970953668,0.021190784390836933
-63,252,2013,,,
-63,252,2014,,,
-63,252,2015,0.029199678086479212,0.029199678086479084,0.016413718738657195
-63,252,2016,0.11473851358035497,0.11473851358035272,0.1300539499858348
-63,252,2017,0.037793043326318054,0.03779304332631721,0.050451768803402484
-63,252,2018,-0.054726233902150874,-0.0547262339021496,-0.049370120609633014
-63,252,2019,-0.019424385639087174,-0.019424385639086696,-0.037598017964229034
-63,252,2020,-0.041002561550174885,-0.04100256155017467,-0.05223177098027543
-63,252,2021,-0.018008282662720462,-0.01800828266272033,-0.016294406733137885
-63,252,2022,-0.014112521460101387,-0.01411252146010124,-0.0036247516134703265
-63,252,2023,-0.04030731168743221,-0.04030731168743154,-0.056609040738068564
-63,252,2024,-0.07229818837669057,-0.07229818837669016,-0.050046176965983714
-21,5,2013,-0.09870475008878885,-0.09870475008878891,-0.0005495093263814945
-21,5,2014,0.03040892492943051,0.030408924929428857,0.023545170336597816
-21,5,2015,-0.08725301487818385,-0.08725301487817919,-0.08758986977645344
-21,5,2016,0.04438037266727024,0.04438037266723454,0.04086966114055239
-21,5,2017,0.05939199427154021,0.05939199427150545,0.031801968792601824
-21,5,2018,0.06363479602479874,0.06363479602464407,0.06696922601350144
-21,5,2019,0.13381873020919582,0.13381873020903373,0.12600132137467462
-21,5,2020,-0.19917786300417828,-0.19917786300409135,-0.17240545579304223
-21,5,2021,0.07915207984824794,0.07915207984814095,0.11514384002473399
-21,5,2022,-0.1607069985561835,-0.16070699855613835,-0.16666324785543404
-21,5,2023,-0.08840049574009315,-0.08840049574004816,-0.09266188800526332
-21,5,2024,0.020335688588797727,0.020335688588785653,0.03161607881134325
-21,21,2013,-0.06972321580714522,-0.06972321580714523,-0.033998552801962484
-21,21,2014,0.014063724796169672,0.014063724796169793,0.007489679876626139
-21,21,2015,-0.05048662065611434,-0.05048662065611532,-0.05935065086060015
-21,21,2016,0.03004606028041376,0.030046060280414455,0.013955186821040055
-21,21,2017,-0.006439670673877326,-0.006439670673874981,-0.031398626274446936
-21,21,2018,0.06238629617179777,0.06238629617179909,0.060634533632447585
-21,21,2019,0.04711433609100732,0.04711433609100937,0.05983102415043482
-21,21,2020,-0.08690636191518362,-0.08690636191518585,-0.09975878174315111
-21,21,2021,0.03950471468291446,0.03950471468291813,0.07568564254516072
-21,21,2022,-0.12381196568878239,-0.12381196568878955,-0.11997897221857316
-21,21,2023,-0.07086871679406671,-0.07086871679406967,-0.06359313272854578
-21,21,2024,-0.017704033033374252,-0.017704033033373527,-0.03039285403893327
-21,63,2013,,,
-21,63,2014,0.008754271539219361,0.008754271539219345,-0.003469570094641687
-21,63,2015,-0.012148692352744876,-0.012148692352746057,-0.026178836015345507
-21,63,2016,0.015069257977758474,0.015069257977759234,0.023849503658298535
-21,63,2017,0.0064912140437531855,0.006491214043753213,-0.00798850592688538
-21,63,2018,0.08437713133768593,0.08437713133769288,0.08162149006283985
-21,63,2019,-0.01014216574808066,-0.010142165748081716,-0.01177287594674155
-21,63,2020,-0.06709034948491334,-0.06709034948491538,-0.07358721341774052
-21,63,2021,-0.02111479871932464,-0.021114798719327192,0.002331510854147006
-21,63,2022,-0.036722071663817475,-0.03672207166382175,-0.07429186758343682
-21,63,2023,-0.06610800385543887,-0.06610800385544807,-0.06211647018790206
-21,63,2024,-0.03174832896129871,-0.031748328961301614,-0.05974036689565723
-21,126,2013,,,
-21,126,2014,0.021754666530473248,0.021754666530473317,-0.0171012553388055
-21,126,2015,-0.036174862682287076,-0.03617486268228757,-0.043919296273964285
-21,126,2016,-0.011998380950172248,-0.01199838095017406,-0.004305955984198702
-21,126,2017,0.026645307055249253,0.0266453070552513,0.006515666576545372
-21,126,2018,0.040667851362752416,0.04066785136275779,0.03494299206091467
-21,126,2019,0.043811422834474256,0.043811422834479294,0.04977669318810551
-21,126,2020,-0.05935408697106423,-0.05935408697107421,-0.06228951039472228
-21,126,2021,-0.030095127992216034,-0.03009512799221757,-0.015894886105072118
-21,126,2022,-0.013575431864676095,-0.013575431864677053,-0.017623598371307884
-21,126,2023,-0.04927625536395369,-0.04927625536395848,-0.061843364096226754
-21,126,2024,-0.07210557614593585,-0.07210557614594111,-0.08043100536357492
-21,252,2013,,,
-21,252,2014,0.03851787942838465,0.03851787942838465,0.04388636548754018
-21,252,2015,-0.024772138234846114,-0.024772138234846017,-0.04018924298991936
-21,252,2016,-0.011245358649081938,-0.011245358649081647,-0.013073023988498658
-21,252,2017,0.04434594010514863,0.04434594010514759,0.026601757353067638
-21,252,2018,0.03014726501128234,0.030147265011281604,0.028515025250374654
-21,252,2019,0.03837637099085266,0.03837637099085154,0.0395237738549621
-21,252,2020,-0.039235885260473426,-0.03923588526047321,-0.05127547359054154
-21,252,2021,-0.05405553674320522,-0.05405553674320493,-0.06306390875760251
-21,252,2022,-0.0005761071495867,-0.0005761071495866681,0.0007839373136567325
-21,252,2023,-0.03825956318453004,-0.03825956318452957,-0.061922991251732444
-21,252,2024,-0.0715922431393107,-0.07159224313931069,-0.06625441900982992
-10,5,2013,0.11485681661124783,0.11485681661124433,0.2503404036843777
-10,5,2014,-0.03363799948624143,-0.033637999486240217,-0.030684256768803563
-10,5,2015,0.121829886450382,0.12182988645033607,0.11655066270078387
-10,5,2016,-0.05244560408852867,-0.0524456040884957,-0.04900725200073486
-10,5,2017,-0.06748052314658932,-0.06748052314656389,-0.05285658081834642
-10,5,2018,0.02074189046087985,0.020741890460878293,0.03594639575137262
-10,5,2019,-0.3040350249130437,-0.30403502491280276,-0.31264549778182577
-10,5,2020,-0.05812115715520263,-0.05812115715514636,-0.0901141226664403
-10,5,2021,-0.012687428824132865,-0.012687428824125503,-0.0013829198322350027
-10,5,2022,0.045416264200564854,0.045416264200499,0.0482580263609682
-10,5,2023,0.09772986986626636,0.09772986986623783,0.11061922635378593
-10,5,2024,-0.11873642594120633,-0.11873642594115139,-0.14658681523851597
-10,21,2013,0.13795020834458377,0.1379502083445838,0.17010708896939158
-10,21,2014,-0.04641614357435486,-0.04641614357435506,-0.06201132558934451
-10,21,2015,0.07945842511194144,0.07945842511194168,0.06857202151126651
-10,21,2016,0.027380776459252024,0.027380776459252465,0.020179188682907176
-10,21,2017,0.012330745530881818,0.012330745530882446,0.04299656772561609
-10,21,2018,-0.015109649488240555,-0.015109649488239533,-0.02073360588811529
-10,21,2019,-0.2191155760207041,-0.2191155760207048,-0.244866868955882
-10,21,2020,-0.0504439123448915,-0.05044391234489158,-0.04532696597801094
-10,21,2021,0.015542228999526408,0.015542228999526658,0.02226229565315412
-10,21,2022,0.00506739756326573,0.005067397563265721,-0.018748877659692357
-10,21,2023,0.07181687169527518,0.07181687169527871,0.04581677563080115
-10,21,2024,-0.08858984777392291,-0.08858984777392663,-0.08293689593072823
-10,63,2013,0.14370167240904824,0.14370167240904824,
-10,63,2014,-0.09938951725100664,-0.09938951725100667,-0.10357910855760591
-10,63,2015,0.04914712628860355,0.04914712628860751,0.05271122619300474
-10,63,2016,0.02063223481667438,0.020632234816676066,0.011955644694542761
-10,63,2017,-0.05324562947893714,-0.05324562947894003,-0.010870458173051793
-10,63,2018,-0.023578086152090234,-0.023578086152092306,-0.03500680647252151
-10,63,2019,-0.1064016547646445,-0.10640165476464977,-0.12573260397483513
-10,63,2020,-0.05137693001222274,-0.0513769300122234,-0.06453196254487913
-10,63,2021,0.05540126305642993,0.05540126305643254,0.0528354332494466
-10,63,2022,-0.024090818818711324,-0.024090818818714138,-0.014062116191601519
-10,63,2023,0.043953658410147006,0.0439536584101517,0.02714781023234485
-10,63,2024,-0.14049931226330903,-0.14049931226331436,-0.1462607177429156
-10,126,2013,,,
-10,126,2014,-0.09180435221122496,-0.09180435221122502,-0.09440525023949178
-10,126,2015,-0.03793681869714119,-0.037936818697141786,-0.05055147172636897
-10,126,2016,0.05177044919924611,0.05177044919925282,0.03431059021397145
-10,126,2017,-0.025590069048535374,-0.02559006904853783,-0.04707650741448318
-10,126,2018,-0.018224724460301305,-0.018224724460302922,-0.021910225177928743
-10,126,2019,-0.087194035334109,-0.08719403533411885,-0.10481474998436982
-10,126,2020,-0.0634421265176939,-0.06344212651769629,-0.07716797507061995
-10,126,2021,0.05054533804006421,0.050545338040067236,0.038705479554074176
-10,126,2022,0.01527038991741847,0.015270389917419656,0.013338722167949535
-10,126,2023,-0.014466738595210327,-0.014466738595211187,-0.02861583095277208
-10,126,2024,-0.13953924663519562,-0.13953924663520467,-0.13382542145993215
-10,252,2013,,,
-10,252,2014,-0.04676123865775897,-0.046761238657758955,-0.05614203432758715
-10,252,2015,-0.06503146499139825,-0.06503146499139806,-0.07135689440731295
-10,252,2016,0.0751050879607868,0.07510508796078474,0.07175152782338334
-10,252,2017,0.02017077308902069,0.02017077308902042,0.011654796441341656
-10,252,2018,-0.02252010204578777,-0.022520102045787443,-0.023686271466181383
-10,252,2019,-0.07392095315480718,-0.07392095315480522,-0.08857981343900181
-10,252,2020,-0.058721773374996594,-0.05872177337499587,-0.07476718541287047
-10,252,2021,0.023937804874235753,0.02393780487423568,0.021030377659783654
-10,252,2022,0.006802098698841495,0.006802098698841485,0.01277639806569031
-10,252,2023,0.00030861486624300465,0.00030861486624297353,-0.02483562570178851
-10,252,2024,-0.09637882124759736,-0.09637882124759724,-0.08049362384525124
-5,5,2013,-0.1549770847400015,-0.15497708474000121,-0.07330478118620161
-5,5,2014,-0.0173244744518134,-0.017324474451814464,-0.007594393470238214
-5,5,2015,-0.04365198497425952,-0.043651984974256125,-0.04213625154721967
-5,5,2016,-0.011790803151463542,-0.011790803151438873,-0.01257677721608057
-5,5,2017,0.061542703408015376,0.061542703408000624,0.012243309744283004
-5,5,2018,-0.16216172917868532,-0.1621617291786442,-0.1757282182656857
-5,5,2019,-0.16031041767836646,-0.16031041767830723,-0.1879901214154093
-5,5,2020,-0.02679223451228214,-0.026792234512264725,0.01568352822937271
-5,5,2021,0.0459869474229636,0.04598694742294173,0.04977595961530297
-5,5,2022,0.030517076672330803,0.030517076672301195,0.023779675992162085
-5,5,2023,-0.05106691966410069,-0.051066919664072466,-0.03481509538855619
-5,5,2024,-0.08301228387052045,-0.08301228387044161,-0.07409166097540809
-5,21,2013,0.010052305164746037,0.010052305164746103,0.023258157147831356
-5,21,2014,0.0006897730193853553,0.0006897730193854255,0.015517577985828847
-5,21,2015,0.01713600946243901,0.01713600946243954,0.0319526962346908
-5,21,2016,-0.014554513167651668,-0.014554513167651918,-0.02355215708785496
-5,21,2017,-0.06027763225167524,-0.06027763225167551,-0.033092629499550885
-5,21,2018,-0.08292477253599898,-0.08292477253599824,-0.06326236680298335
-5,21,2019,-0.057800013666719274,-0.057800013666719885,-0.06180216549797993
-5,21,2020,-0.04491880097195945,-0.04491880097195992,-0.05486867966071449
-5,21,2021,-0.07707045777558655,-0.07707045777559293,-0.07595651913676549
-5,21,2022,0.0032779619190329056,0.0032779619190328427,0.027643991485990282
-5,21,2023,0.09720385540996523,0.09720385540997185,0.11108465606463881
-5,21,2024,-0.09960205027086405,-0.09960205027086831,-0.10561845753790905
-5,63,2013,-0.10173087647438919,-0.10173087647438919,
-5,63,2014,0.024965741030156238,0.024965741030156523,0.029915305506523673
-5,63,2015,0.04878535604171318,0.04878535604171476,0.05997745535412861
-5,63,2016,0.04788931963739132,0.047889319637397204,0.05791238396801016
-5,63,2017,-0.02921760028679953,-0.029217600286800316,0.013593471206011391
-5,63,2018,-0.06659677534918347,-0.06659677534918698,-0.07006567574629748
-5,63,2019,-0.055919454067266144,-0.05591945406726995,-0.06762895045936973
-5,63,2020,-0.043715117192017566,-0.04371511719202132,-0.044327323904909045
-5,63,2021,-0.02997239969197477,-0.029972399691976567,-0.03998536668498497
-5,63,2022,0.004200441580953324,0.0042004415809535475,0.019538835994253767
-5,63,2023,0.03594367969260649,0.03594367969260917,0.047739562980125286
-5,63,2024,-0.12304188530805044,-0.12304188530805746,-0.09891596375342956
-5,126,2013,,,
-5,126,2014,-0.0752137752441257,-0.075213775244126,-0.08309274104887082
-5,126,2015,0.057049774176011744,0.057049774176016144,0.06724870650809578
-5,126,2016,0.0704532751529951,0.0704532751530034,0.048986697322347825
-5,126,2017,-0.0005915015320925923,-0.0005915015320923756,0.007107677860825811
-5,126,2018,-0.038308208202127304,-0.03830820820213044,-0.03171635320876436
-5,126,2019,-0.06907924862944914,-0.06907924862945793,-0.0871271622461481
-5,126,2020,-0.06397702085218908,-0.06397702085219215,-0.06767960506812119
-5,126,2021,0.003205815455361627,0.0032058154553619893,-0.018149651656317503
-5,126,2022,0.010144081313329622,0.010144081313330569,0.0037223891026371826
-5,126,2023,0.039157960020815036,0.03915796002081773,0.012542585631485071
-5,126,2024,-0.11915130656547343,-0.11915130656547816,-0.09290228600496199
-5,252,2013,,,
-5,252,2014,0.016955732910636057,0.016955732910636078,0.015185723551103723
-5,252,2015,0.035011368423557565,0.035011368423557565,0.02883928761012606
-5,252,2016,0.07090447375870726,0.07090447375870526,0.06179334607237878
-5,252,2017,-0.018801904876416444,-0.018801904876416076,-0.01685448981156144
-5,252,2018,-0.03820110695210666,-0.03820110695210574,-0.030577973282752764
-5,252,2019,-0.05593307937094007,-0.055933079370938416,-0.07219555064188846
-5,252,2020,-0.06822107074059576,-0.0682210707405953,-0.06980328258311881
-5,252,2021,0.0007821282372721154,0.0007821282372721801,-0.017787630034755635
-5,252,2022,-0.0034827584161494264,-0.003482758416149375,-0.008270843194814515
-5,252,2023,-0.00755498574066245,-0.0075549857406623875,-0.026270201294523177
-5,252,2024,-0.023641430093542082,-0.023641430093542012,0.00258864995182705
0,5,2013,0.008861380557893268,0.008861380557893279,0.14286301481574062
0,5,2014,-0.13465921182797616,-0.13465921182796636,-0.11158479757722171
0,5,2015,-0.09432896895194337,-0.09432896895189935,-0.10356049071503018
0,5,2016,-0.03381562566313993,-0.033815625663126514,-0.03095822561786467
0,5,2017,0.004290999645739534,0.0042909996457109086,-0.004420529402608458
0,5,2018,-0.04113297651388511,-0.04113297651385961,-0.021061371162249386
0,5,2019,0.001355113867752592,0.001355113867754706,0.010396997126773683
0,5,2020,0.11517921216438934,0.11517921216430076,0.10495283020896631
0,5,2021,-0.008622257403722057,-0.008622257403721538,-0.013224175478174916
0,5,2022,0.12070017425920732,0.12070017425906261,0.10755383450082898
0,5,2023,0.025341135398898953,0.02534113539888832,0.038229775769694704
0,5,2024,0.1456855086972076,0.14568550869715102,0.1196100107122061
0,21,2013,-0.01406009716336445,-0.0140600971633644,-0.08247117175737492
0,21,2014,-0.05525678853559189,-0.05525678853559203,-0.05897510809297361
0,21,2015,-0.0768464965397875,-0.07684649653978937,-0.08411829129070406
0,21,2016,-0.03627252837183928,-0.036272528371840654,-0.02972609459120218
0,21,2017,0.03968246816946031,0.03968246816946015,0.032748539275332986
0,21,2018,-0.05724519537899151,-0.057245195378992225,-0.056102505061759206
0,21,2019,0.07889440898734941,0.07889440898735044,0.08277281397158207
0,21,2020,0.09587709121153973,0.09587709121153987,0.10770239444766251
0,21,2021,0.017258509700616632,0.01725850970061658,0.01623567020801546
0,21,2022,0.09685727525915384,0.09685727525915704,0.08754604819545038
0,21,2023,0.05352837544855168,0.05352837544855452,0.04274618285541952
0,21,2024,0.17684210882676332,0.17684210882676485,0.18695468126753945
0,63,2013,-0.005704846532623148,-0.005704846532623144,
0,63,2014,0.00787397019812919,0.007873970198129144,-0.01831723883688148
0,63,2015,-0.09917666651236474,-0.09917666651237639,-0.08451263550803274
0,63,2016,-0.02744247879057702,-0.027442478790580253,-0.013404399222241476
0,63,2017,0.10203600227596492,0.10203600227597051,0.12133493238820264
0,63,2018,-0.10308655394678116,-0.10308655394678795,-0.09710229678490913
0,63,2019,0.07734675640286996,0.07734675640287614,0.09316683071437198
0,63,2020,0.06834349173149162,0.06834349173149305,0.0792734353766715
0,63,2021,0.004661609386807656,0.0046616093868074,-0.03417107466892637
0,63,2022,0.023378534419131534,0.023378534419133404,0.031215412209177697
0,63,2023,0.06590735935174677,0.06590735935175349,0.0549793115454079
0,63,2024,0.15364661855858527,0.15364661855859651,0.14752124120067397
0,126,2013,,,
0,126,2014,-0.028022443465421522,-0.02802244346542155,-0.032912517613437046
0,126,2015,-0.055477326578614275,-0.055477326578618535,-0.0524312494123319
0,126,2016,-0.046735319505715855,-0.046735319505721205,-0.05938687617513992
0,126,2017,0.0760824781744833,0.07608247817448947,0.06319866536700842
0,126,2018,-0.04010159771537071,-0.04010159771537451,-0.0453069038092456
0,126,2019,0.0012938801986162873,0.0012938801986163383,-0.026599864877083004
0,126,2020,0.041652042517989055,0.041652042517990824,0.04828147091000485
0,126,2021,0.011058542962275604,0.01105854296227638,0.006803316968101824
0,126,2022,0.015183050472935783,0.015183050472936652,0.01086359283739462
0,126,2023,0.08724705687898338,0.08724705687898998,0.07045340007848996
0,126,2024,0.12347014334220237,0.12347014334220992,0.14083290859628816
0,252,2013,,,
0,252,2014,-0.007400251699102599,-0.007400251699102598,-0.039550335897939985
0,252,2015,0.00035956044982871104,0.00035956044982868513,-0.007244729413448092
0,252,2016,-0.04903966182629867,-0.04903966182629743,-0.061531662479676424
0,252,2017,0.06490773738714377,0.06490773738714256,0.05603433007354285
0,252,2018,-0.06684978762870564,-0.06684978762870397,-0.05921756685246732
0,252,2019,-0.025341550046147646,-0.025341550046147118,-0.01941937925985788
0,252,2020,0.03376405840144282,0.033764058401442615,0.050890148926939084
0,252,2021,0.030721559183899787,0.030721559183899766,0.04556815180282235
0,252,2022,-0.004398228255263709,-0.0043982282552636805,-0.011223551535318248
0,252,2023,0.06046757482978145,0.060467574829780796,0.05296279351430701
0,252,2024,0.11912336492901374,0.11912336492901346,0.14107593920446104
5,5,2013,0.25861406400357767,0.2586140640035779,0.13655949135373618
5,5,2014,0.06528946603772626,0.06528946603771847,0.04338522509191737
5,5,2015,-0.12715812037175847,-0.1271581203717258,-0.13616130981461144
5,5,2016,-0.2080411134677636,-0.20804111346735094,-0.21925305131814948
5,5,2017,-0.024941370623643665,-0.024941370623634364,-0.01595348458214416
5,5,2018,0.05415775503787151,0.05415775503779693,0.030117490216559878
5,5,2019,-0.18540302261001,-0.18540302260987476,-0.17477984703506783
5,5,2020,0.05393389688584125,0.0539338968858074,0.025020569151875043
5,5,2021,-0.015426071182179715,-0.015426071182163568,-0.012821137706334881
5,5,2022,0.05051819709592047,0.05051819709590191,0.06131721413172833
5,5,2023,-0.001442567738076716,-0.001442567738061774,-0.011313426621159497
5,5,2024,0.23405345278570538,0.2340534527856522,0.23423795441368653
5,21,2013,0.013307106848062926,0.013307106848062996,-0.0005932862338915434
5,21,2014,0.016899910245379294,0.01689991024537979,0.005023521241602822
5,21,2015,-0.12632069281065272,-0.1263206928106559,-0.10421656127509904
5,21,2016,-0.12869127566195387,-0.12869127566195446,-0.11981895093547354
5,21,2017,0.005860661894873023,0.005860661894873719,0.012893487597768078
5,21,2018,0.07713627670731804,0.07713627670731865,0.08763869284405386
5,21,2019,-0.11736095362292022,-0.11736095362292048,-0.10825244752774468
5,21,2020,0.03585560334422031,0.035855603344225544,0.05645906043328234
5,21,2021,-0.09697389037623355,-0.09697389037623447,-0.09908844516670912
5,21,2022,0.06681236490700426,0.06681236490700747,0.06234940684156513
5,21,2023,-0.05717911165677122,-0.05717911165677028,-0.04832384061718198
5,21,2024,0.18249798758923452,0.18249798758924526,0.2063723933710143
5,63,2013,-0.008474837027012691,-0.008474837027012684,
5,63,2014,-0.03559314437339538,-0.035593144373395405,-0.04855450879644406
5,63,2015,-0.09003272531299872,-0.09003272531300986,-0.08766504002272935
5,63,2016,-0.08575021711777747,-0.08575021711779351,-0.09474477027910375
5,63,2017,0.03233231380908926,0.03233231380909198,0.026574167170471796
5,63,2018,0.00423788793340845,0.004237887933408434,0.024000000920349034
5,63,2019,-0.04840371957015134,-0.04840371957015564,-0.044965682632332
5,63,2020,0.004171686717966184,0.004171686717966415,0.024012391860657283
5,63,2021,-0.05201120696553821,-0.05201120696554219,-0.04330309322320067
5,63,2022,0.017512536758772852,0.017512536758774407,0.03719152732437272
5,63,2023,-0.04116734096147269,-0.041167340961475105,-0.014498125309466921
5,63,2024,0.12318074221358917,0.12318074221359757,0.14267123694480097
5,126,2013,,,
5,126,2014,-0.0394531070108046,-0.039453107010804636,-0.058274592070450784
5,126,2015,-0.06146222815582715,-0.06146222815583584,-0.06326122992492075
5,126,2016,-0.0596227913995292,-0.0596227913995363,-0.07324662332966211
5,126,2017,0.019504241218431004,0.019504241218432736,0.014565419724481504
5,126,2018,-0.0157769896989493,-0.015776989698951072,0.0014931789548714898
5,126,2019,-0.00018497337145741144,-0.00018497337145737067,-0.01050855524147291
5,126,2020,-0.033717669028727186,-0.03371766902872828,-0.0022295332650027868
5,126,2021,-0.00798899489810701,-0.007988994898107556,-0.011363984384644712
5,126,2022,0.04729011849418184,0.04729011849418618,0.03278962172624211
5,126,2023,-0.03361135391818239,-0.03361135391818561,-0.03447574261804558
5,126,2024,0.08110192697409946,0.08110192697410423,0.10217231762082901
5,252,2013,,,
5,252,2014,0.02298928812655373,0.02298928812655373,0.008476388911125347
5,252,2015,0.04069980118026344,0.04069980118026333,0.032709923219780106
5,252,2016,-0.04605346555377493,-0.04605346555377347,-0.046225061538395576
5,252,2017,-0.03769108701163632,-0.03769108701163548,-0.04018454980997987
5,252,2018,-0.0061332248736680525,-0.006133224873667893,0.0030643316121081897
5,252,2019,0.05625245774732655,0.05625245774732463,0.06343216169659391
5,252,2020,-0.024149669355826932,-0.024149669355826717,-0.004721489094049666
5,252,2021,-0.0037781895758966216,-0.0037781895758965834,0.0092533270632
5,252,2022,0.029459181666301914,0.029459181666301612,0.02181838111492042
5,252,2023,-0.018610055037272647,-0.018610055037272522,-0.02875016177698385
5,252,2024,0.03300130133691648,0.03300130133691634,0.07274380700803285
10,5,2013,0.04833324642660899,0.04833324642660888,-0.22026700610061756
10,5,2014,-0.19263060823461192,-0.19263060823461425,-0.19703643946149252
10,5,2015,-0.032552866834964285,-0.032552866834955035,-0.005047246549339389
10,5,2016,0.022631721784953533,0.022631721784889147,0.025061438017689976
10,5,2017,-0.18694889108835314,-0.18694889108812826,-0.1802831927422111
10,5,2018,0.028717385050266598,0.028717385050252994,0.07722431701578637
10,5,2019,-0.038828838740674464,-0.0388288387406378,-0.01412377688958712
10,5,2020,0.025452192694775486,0.02545219269474614,0.02732741486309128
10,5,2021,0.023230874512471047,0.023230874512451857,0.02263137967499805
10,5,2022,0.16894536045891,0.1689453604587554,0.14061258344731103
10,5,2023,0.051765586406413946,0.0517655864063744,0.03997202746057191
10,5,2024,0.0686223478827302,0.0686223478827155,0.05573984322237951
10,21,2013,-0.05316558130018661,-0.05316558130018656,-0.10148070297101441
10,21,2014,-0.12811019063342158,-0.1281101906334225,-0.134973855714489
10,21,2015,0.0017524010038735551,0.0017524010038738693,0.0017041023926089745
10,21,2016,-0.019966807363971648,-0.019966807363971818,-0.024571168114792475
10,21,2017,-0.13795501061459503,-0.13795501061460427,-0.12997636714712893
10,21,2018,0.035482607915137854,0.03548260791514619,0.07311772759288945
10,21,2019,-0.05144749877998958,-0.05144749877998983,-0.037190272782088286
10,21,2020,0.0003218645761090944,0.0003218645761091751,-0.02170882284101994
10,21,2021,0.018603097381282845,0.018603097381285245,0.04286466285234794
10,21,2022,0.1086380460742146,0.10863804607422234,0.07298916200550266
10,21,2023,0.026580270387581855,0.026580270387586494,0.04939632124094501
10,21,2024,0.06060868153720097,0.06060868153720682,0.05369215455919376
10,63,2013,0.01432884755024652,0.014328847550246524,
10,63,2014,-0.14143229876165916,-0.1414322987616592,-0.16535387724367073
10,63,2015,-0.02336988816020625,-0.023369888160207193,-0.03305644401081437
10,63,2016,-0.006624479085042594,-0.006624479085043161,0.0014422908304557518
10,63,2017,-0.059587353425934325,-0.059587353425936664,-0.06645034118595261
10,63,2018,0.03387879340291649,0.033878793402917766,0.044121334174583214
10,63,2019,-0.004821280522988057,-0.004821280522988678,0.0070526280571021425
10,63,2020,-0.023352948812956485,-0.023352948812956593,-0.007616439377987304
10,63,2021,0.0011886085999075046,0.0011886085999064564,-0.004254199800708477
10,63,2022,0.019773551369586945,0.01977355136958747,-0.0013315453243062352
10,63,2023,0.020911899358875226,0.02091189935887578,0.07946003599542252
10,63,2024,0.07264842980565493,0.07264842980565547,0.0873638864279824
10,126,2013,,,
10,126,2014,-0.08571069097752093,-0.08571069097752115,-0.10575062798098359
10,126,2015,-0.06661888670349984,-0.06661888670350055,-0.07537812424276312
10,126,2016,-0.010556883593744267,-0.01055688359374507,-0.019216698161568544
10,126,2017,0.0015605374431320311,0.0015605374431320517,0.009855500822851925
10,126,2018,0.019441876146704222,0.019441876146705558,0.03501512624625252
10,126,2019,-0.003979798088777178,-0.00397979808877766,0.005397470274160699
10,126,2020,-0.01628295230825805,-0.01628295230825851,0.027338454761405943
10,126,2021,-0.011851958977269511,-0.011851958977270564,-0.008255021832482976
10,126,2022,-0.0006332071562245365,-0.0006332071562249026,-0.008957339217923375
10,126,2023,0.07314369746885081,0.0731436974688538,0.05726331354716673
10,126,2024,0.042768561867868024,0.042768561867868815,0.06891442270671233
10,252,2013,,,
10,252,2014,-0.09541569646444625,-0.09541569646444616,-0.10712369027472012
10,252,2015,-0.13942517159592577,-0.13942517159592488,-0.1354800438165216
10,252,2016,-0.016993423511349033,-0.0169934235113481,-0.02358608073959314
10,252,2017,0.017680367834510963,0.017680367834510033,0.013142519022973774
10,252,2018,0.00810317126579665,0.008103171265796181,0.021347307562812903
10,252,2019,0.018459703680570615,0.01845970368056945,0.03673137651675326
10,252,2020,-0.00549761876241977,-0.005497618762419769,0.026431990202332837
10,252,2021,-0.00859300009777809,-0.008593000097778025,-5.540789383329125e-05
10,252,2022,-0.0012575435751285427,-0.001257543575128562,0.0022751192253312627
10,252,2023,0.06201862902894524,0.06201862902894352,0.05743436746040771
10,252,2024,0.023426195746369966,0.02342619574636958,0.0612538585175608
21,5,2013,0.011161054288358563,0.011161054288358422,-0.12425206242687914
21,5,2014,0.006755013664290549,0.006755013664287536,0.007330829988406439
21,5,2015,-0.2053886049364631,-0.20538860493608493,-0.2161129124527148
21,5,2016,0.011729098728267164,0.011729098728207552,-0.004866298376280254
21,5,2017,-0.01912691815877064,-0.01912691815876841,-0.019426301490683334
21,5,2018,-0.11192875591893846,-0.11192875591865883,-0.10305230616955793
21,5,2019,-0.030340410044609398,-0.03034041004458842,-0.02261305981266901
21,5,2020,0.020573657436522445,0.0205736574365126,0.021696185295858286
21,5,2021,-0.01779661019204628,-0.017796610192053607,-0.038440150486605464
21,5,2022,-0.10599523350034172,-0.10599523350029828,-0.11461818097735679
21,5,2023,-0.032829335324131334,-0.03282933532412395,-0.05126101765178498
21,5,2024,0.051771177853396265,0.051771177853329194,0.04906619365857136
21,21,2013,0.0548757955222793,0.05487579552227926,-0.030271600361917093
21,21,2014,-0.045485071493835585,-0.04548507149383603,-0.06039663845631858
21,21,2015,-0.1698121209206004,-0.1698121209206056,-0.16342465701313263
21,21,2016,0.005336505104393522,0.005336505104389776,-0.009070003214111326
21,21,2017,-0.017358920237478554,-0.017358920237481396,-0.004021863618095653
21,21,2018,-0.07591096390522198,-0.07591096390523523,-0.052546118617869425
21,21,2019,-0.07769019357977436,-0.07769019357978488,-0.07833568910843655
21,21,2020,0.06122434735914049,0.06122434735914092,0.06279682691661652
21,21,2021,0.01748960626561183,0.01748960626561192,0.031177147560599368
21,21,2022,-0.05953404610921283,-0.05953404610922401,-0.05087121301606726
21,21,2023,-0.0031989318944501094,-0.0031989318944508124,-0.02529659200442031
21,21,2024,0.0588479136667692,0.058847913666774006,0.06311752095177373
21,63,2013,0.05477772818495233,0.05477772818495232,
21,63,2014,0.024623161944061327,0.02462316194406145,0.038770457346288305
21,63,2015,-0.17893159564141636,-0.17893159564142835,-0.17847988567298373
21,63,2016,-0.015226705757708374,-0.015226705757709865,-0.018146345614270018
21,63,2017,-0.0004899402661908262,-0.0004899402661911426,0.0007258024198758065
21,63,2018,-0.016603502931512464,-0.016603502931515014,-0.01356130852929917
21,63,2019,-0.120413060772754,-0.12041306077277387,-0.11586123577708995
21,63,2020,0.07399177667251511,0.07399177667251651,0.1034463774384505
21,63,2021,0.005790812186405181,0.005790812186405675,0.024577961210425263
21,63,2022,-0.06525134037961841,-0.06525134037962857,-0.04524253077613729
21,63,2023,0.021541248801700042,0.02154124880170393,0.025973202353906086
21,63,2024,0.029869094397960684,0.029869094397962547,0.022901641981007262
21,126,2013,,,
21,126,2014,0.0024642898461195327,0.0024642898461195058,-0.0027733412893080913
21,126,2015,-0.15633501912957876,-0.15633501912958053,-0.1619805731461935
21,126,2016,-0.021371852582981098,-0.02137185258298282,-0.04993339385832681
21,126,2017,0.010766964655498984,0.010766964655499828,-0.0018592061943835069
21,126,2018,-0.04652196927559747,-0.04652196927560047,-0.06307388368911722
21,126,2019,-0.04822489325222898,-0.04822489325223267,-0.027484318824741012
21,126,2020,0.05333813485808189,0.05333813485808311,0.09504800618963816
21,126,2021,0.033324898719262044,0.03332489871926309,0.052528441102646
21,126,2022,-0.05401472824263142,-0.05401472824263338,-0.041997445747456834
21,126,2023,0.012111740370301672,0.012111740370301948,0.01027897933225555
21,126,2024,0.03137383062334616,0.03137383062334692,0.03219144053884356
21,252,2013,,,
21,252,2014,0.01032480913441198,0.010324809134411955,0.003872390825249851
21,252,2015,-0.07457573001774623,-0.07457573001774553,-0.07133335290359223
21,252,2016,-0.08555318232866292,-0.08555318232865602,-0.09759714773606135
21,252,2017,-0.005775635411853299,-0.0057756354118530286,-0.012435202611258503
21,252,2018,-0.048340033962055176,-0.04834003396205138,-0.056102772484921806
21,252,2019,-0.023196831943386224,-0.023196831943384788,-0.015643692919877678
21,252,2020,0.04989027912070635,0.049890279120705115,0.0839637480457752
21,252,2021,0.03315439980078012,0.03315439980077882,0.05260129976163609
21,252,2022,-0.047077060155846576,-0.04707706015584424,-0.03730692104637194
21,252,2023,-0.019648588609798186,-0.01964858860979679,-0.01401069475075383
21,252,2024,0.027942468383030876,0.027942468383029967,0.026784968712137234
63,5,2013,-0.14356545090506082,-0.1435654509050595,-0.3106900610161067
63,5,2014,-0.12168926812232657,-0.12168926812232492,-0.1292612557835981
63,5,2015,0.09572324291136866,0.09572324291134533,0.09476353180542532
63,5,2016,0.02447140954755339,0.024471409547555834,-0.005309006586808506
63,5,2017,-0.07105026768271529,-0.07105026768270524,-0.042671886212021934
63,5,2018,-0.02734795119315394,-0.027347951193149367,-0.01998218472789771
63,5,2019,-0.22551588991967564,-0.22551588991967025,-0.21824672593483752
63,5,2020,-0.08934517448400792,-0.08934517448401948,-0.05204472138425813
63,5,2021,-0.06940061694398948,-0.06940061694399166,-0.09166629432754594
63,5,2022,-0.06941105028353363,-0.06941105028353008,-0.08931784731183676
63,5,2023,0.11363220279637157,0.11363220279636013,0.1299877619056985
63,5,2024,0.023724929036234636,0.023724929036228713,-0.007114645475818058
63,21,2013,-0.14750505293926855,-0.14750505293926836,-0.21197298852123078
63,21,2014,-0.10683400540406414,-0.10683400540406413,-0.10852274904418706
63,21,2015,0.0507113793795277,0.05071137937952741,0.04371773850025535
63,21,2016,0.03648458093101699,0.03648458093101645,0.011614528563293583
63,21,2017,-0.042882498128689536,-0.04288249812868877,-0.026574117723906325
63,21,2018,0.015760222976966727,0.01576022297696681,0.009660114406180557
63,21,2019,-0.15060010480265207,-0.15060010480264951,-0.1143301439659942
63,21,2020,-0.0825183789765116,-0.08251837897651285,-0.07588473284653341
63,21,2021,-0.03589889491726566,-0.035898894917266,-0.0250335268130083
63,21,2022,-0.047878418462650396,-0.04787841846265155,-0.030078052892208294
63,21,2023,0.05178769046307494,0.05178769046307782,0.0798333090786684
63,21,2024,-0.0019468483461476645,-0.0019468483461464884,0.0011238239919374201
63,63,2013,-0.08399914233634344,-0.08399914233634347,
63,63,2014,-0.17905225459081603,-0.1790522545908156,-0.19536427995157354
63,63,2015,0.022278306464925887,0.022278306464925693,0.016627149518506502
63,63,2016,-0.0028029626789578665,-0.002802962678958118,-0.02054094404366707
63,63,2017,0.017224002058671275,0.017224002058670928,0.03979486935270671
63,63,2018,0.015195670122662127,0.015195670122661835,-0.0004264695298062378
63,63,2019,-0.01532059526298565,-0.01532059526298592,0.0029724247251877297
63,63,2020,-0.07149478702088236,-0.07149478702088256,-0.06654907768462576
63,63,2021,-0.04462736220019729,-0.044627362200198056,-0.020845287215931294
63,63,2022,-0.009358168375585282,-0.009358168375585793,-0.00480998809279365
63,63,2023,0.022683559379373334,0.022683559379372758,0.042608462583554246
63,63,2024,-0.02577610227835124,-0.02577610227835231,-0.015424032131415289
63,126,2013,,,
63,126,2014,-0.01277351321335229,-0.012773513213352296,-0.039684639525751776
63,126,2015,0.01957217317468004,0.01957217317468072,0.014550219972102173
63,126,2016,-0.01123229603047101,-0.011232296030471437,-0.022944597404025543
63,126,2017,0.026998845397323043,0.026998845397323768,0.050475996114261235
63,126,2018,0.048358253551914164,0.04835825355191554,0.049913804904897725
63,126,2019,-0.09296246720789342,-0.0929624672078968,-0.06543038639819357
63,126,2020,0.06837157070000782,0.06837157070000908,0.07525046044068626
63,126,2021,-0.03966873888053702,-0.03966873888053793,-0.04202503903673791
63,126,2022,-0.031793560542331255,-0.03179356054233168,-0.042448214377264336
63,126,2023,0.03282322328139367,0.03282322328139369,0.046317919234756824
63,126,2024,0.03605369134289838,0.036053691342898486,0.06901468308587144
63,252,2013,,,
63,252,2014,-0.08070480673199104,-0.08070480673199093,-0.08264123113125438
63,252,2015,-0.07236921374651237,-0.07236921374651226,-0.06950219061306284
63,252,2016,-0.0014471174551135056,-0.0014471174551135206,-0.002413080699998035
63,252,2017,0.028894606580191756,0.028894606580191506,0.039945940180376796
63,252,2018,0.016328803214671433,0.016328803214671263,0.016515163714846213
63,252,2019,-0.044986946076746026,-0.04498694607674578,-0.03647313556260879
63,252,2020,0.06070543977614253,0.060705439776142296,0.06060107331905737
63,252,2021,-0.06278325561162726,-0.06278325561162766,-0.05300995935105096
63,252,2022,-0.024806804736169884,-0.02480680473616995,-0.017858638770509104
63,252,2023,-0.005331219485211207,-0.005331219485211338,-0.007308123656079008
63,252,2024,0.06494632272042619,0.06494632272042636,0.07530589409224132
126,5,2013,0.0019503915583948704,0.0019503915583947043,0.005408596212261916
126,5,2014,0.17899268656422962,0.17899268656422906,0.18912316865174153
126,5,2015,0.07961084948326994,0.07961084948325056,0.06360663294121328
126,5,2016,-0.00036578360677982187,-0.00036578360678932186,0.015118358358051044
126,5,2017,-0.03666106010182334,-0.0366610601018283,-0.048025331106292826
126,5,2018,0.07420762516488769,0.07420762516488397,0.0728402478943917
126,5,2019,-0.06877868249876229,-0.06877868249877438,-0.03657777569395426
126,5,2020,0.11487265233911816,0.11487265233911069,0.11111985442682279
126,5,2021,-0.0002679693915118462,-0.000267969391520947,0.009459591705802899
126,5,2022,-0.05064888074696869,-0.050648880746962284,-0.05955055206374124
126,5,2023,0.015153429308145689,0.01515342930814718,0.0024904086617948433
126,5,2024,-0.0018388533889530769,-0.0018388533889544443,-0.014764592984269511
126,21,2013,0.1835508428861908,0.1835508428861908,-0.09555896757976816
126,21,2014,0.025571371288687375,0.02557137128868741,0.029928170989537768
126,21,2015,0.0018283507940090628,0.0018283507940086779,-0.02772237152308435
126,21,2016,0.06451273737544291,0.06451273737544302,0.0780821483571693
126,21,2017,-0.07074867617116243,-0.0707486761711612,-0.08737237466022742
126,21,2018,0.10258220875551934,0.10258220875551974,0.0858415305963325
126,21,2019,-0.09035514806266215,-0.09035514806266372,-0.10255896174405082
126,21,2020,0.016353922793004627,0.01635392279300523,-0.0029518193886915946
126,21,2021,0.010633162119222935,0.010633162119225874,0.0046114081172310886
126,21,2022,-0.042675267229308735,-0.04267526722930808,-0.022679167503630023
126,21,2023,-0.01704579477904767,-0.017045794779046577,-0.0008003203469787595
126,21,2024,0.019448077538376313,0.019448077538378003,0.053280158820899
126,63,2013,0.08864838391129179,0.0886483839112918,
126,63,2014,0.03509993246468736,0.03509993246468769,-0.0002049107884134522
126,63,2015,0.010002057095620074,0.010002057095620086,-0.02226513304046278
126,63,2016,0.02310988824708774,0.023109888247087727,0.04382636459536632
126,63,2017,-0.034938110365836786,-0.03493811036583748,-0.04449972081632371
126,63,2018,0.1340224256318741,0.13402242563187497,0.13026547980497183
126,63,2019,-0.10350304899845475,-0.1035030489984557,-0.09740647791663004
126,63,2020,-0.025613376042521604,-0.025613376042521667,0.004452291683296003
126,63,2021,0.03443437535801648,0.034434375358017175,0.020641674380437722
126,63,2022,-0.06268953009562415,-0.06268953009562765,-0.03319669639047161
126,63,2023,0.01334995560998705,0.013349955609987313,0.02392959506485455
126,63,2024,0.03954537077949265,0.039545370779493744,0.02237372465690998
126,126,2013,,,
126,126,2014,0.03100454060558641,0.031004540605586405,0.012695718588186708
126,126,2015,0.015325804017164126,0.015325804017164204,-0.007252620526524513
126,126,2016,0.03656752716242107,0.036567527162421266,0.03722978369235242
126,126,2017,-0.017341531075419032,-0.017341531075419084,-0.02045612495726512
126,126,2018,0.10653073227875393,0.1065307322787542,0.1038220707051919
126,126,2019,-0.06267659644933404,-0.0626765964493345,-0.06642536791372977
126,126,2020,0.006292026943581953,0.00629202694358196,0.013931970376418423
126,126,2021,-0.0015008775154729786,-0.0015008775154729918,0.006658633060934768
126,126,2022,-0.053531055469955645,-0.053531055469954354,-0.03968018140971674
126,126,2023,-0.0024361392242202946,-0.002436139224220187,0.0021643130280474127
126,126,2024,0.032783028261342814,0.03278302826134249,0.02636932408527096
126,252,2013,,,
126,252,2014,0.020362508074899283,0.02036250807489927,0.00756087918461969
126,252,2015,0.021325368453782363,0.02132536845378225,-0.0008776061772814872
126,252,2016,0.045843673803597496,0.045843673803597274,0.03945871822165685
126,252,2017,-0.02062890353494564,-0.02062890353494572,-0.016179563930636586
126,252,2018,0.07415861528130699,0.07415861528130677,0.06488359688082547
126,252,2019,0.014085116482780456,0.01408511648278038,0.007854289564150073
126,252,2020,0.006830621587861568,0.0068306215878615574,0.0016186370007331852
126,252,2021,-0.017520845265497176,-0.01752084526549739,-0.02178423674819536
126,252,2022,-0.047228014557552385,-0.04722801455755264,-0.024478815858146857
126,252,2023,-0.014995552640193059,-0.014995552640193109,-0.01133048791083811
126,252,2024,0.015757691883925725,0.015757691883925833,0.021084435593480333
252,5,2013,0.21497845763083304,0.21497845763083237,0.4602453206051219
252,5,2014,0.1038944717784003,0.10389447177838951,0.12994730959489667
252,5,2015,0.06488805020974962,0.06488805020975039,0.05894612789300796
252,5,2016,0.06251546794554753,0.06251546794554726,0.057612332671266565
252,5,2017,0.027649836865879403,0.027649836865874813,0.02661857628857608
252,5,2018,0.0788671924195619,0.07886719241956283,0.06769843207420768
252,5,2019,-0.06616990326766373,-0.06616990326766455,-0.03827170962020145
252,5,2020,0.06253153125873027,0.06253153125873961,0.03677283193441546
252,5,2021,0.012659204336655776,0.012659204336658372,0.005594390262951312
252,5,2022,-0.047860629149031095,-0.04786062914902673,-0.07401024779834103
252,5,2023,-0.007964684097870116,-0.007964684097862716,0.0024580618860407123
252,5,2024,,,
252,21,2013,0.021163769285134058,0.021163769285134037,0.055340722411824424
252,21,2014,0.0749791660855822,0.07497916608558271,0.09763098916260668
252,21,2015,0.07352694372008695,0.07352694372008861,0.06816966911610534
252,21,2016,0.037321157555692416,0.03732115755569292,0.016505583289762663
252,21,2017,-0.005229568933190184,-0.005229568933187705,0.01177837198651041
252,21,2018,0.026064680887296698,0.026064680887299508,0.0276252687920967
252,21,2019,-0.07932433332311457,-0.07932433332311473,-0.07965863765200339
252,21,2020,0.01562650988244532,0.01562650988244601,-0.014527712380448258
252,21,2021,0.0006077123329908568,0.0006077123329928732,0.01628183815521465
252,21,2022,-0.0074153383082429525,-0.007415338308241726,-0.01834822181388471
252,21,2023,0.0713876299237226,0.0713876299237243,0.05541969331523289
252,21,2024,,,
252,63,2013,-0.03371142300302202,-0.033711423003022024,
252,63,2014,0.04301952304286097,0.04301952304286104,0.038142353846101
252,63,2015,0.07720304428517732,0.0772030442851786,0.0573422479377437
252,63,2016,0.046880009893297075,0.046880009893297145,0.050134232622215454
252,63,2017,0.034186847863325036,0.034186847863324786,0.039093945902516615
252,63,2018,-0.024155434925847964,-0.024155434925848873,-0.012658994410948782
252,63,2019,-0.06429843597888255,-0.06429843597888277,-0.08933603099669579
252,63,2020,0.0072457277506607345,0.007245727750660404,-0.015260467199499065
252,63,2021,0.02910087203727934,0.029100872037279988,0.05439466160018003
252,63,2022,-0.010169979939168607,-0.010169979939169812,-0.031048930427511164
252,63,2023,0.026291931698985527,0.02629193169898571,0.007096648218804477
252,63,2024,,,
252,126,2013,,,
252,126,2014,0.03556822550961319,0.03556822550961314,0.03642682153820071
252,126,2015,0.0888196954277537,0.08881969542775406,0.08716991063303704
252,126,2016,0.030132675598193197,0.030132675598193416,0.03427769854888533
252,126,2017,0.039319437737191446,0.03931943773719171,0.04470364068029457
252,126,2018,-0.04597258604542115,-0.0459725860454211,-0.04405478495414162
252,126,2019,-0.06565231860198283,-0.06565231860198324,-0.10632116392475946
252,126,2020,-0.00557008007803425,-0.005570080078034247,-0.03987525104607005
252,126,2021,0.03714455798260487,0.03714455798260468,0.0737460741902244
252,126,2022,-0.015987781217981594,-0.015987781217981122,-0.03572715670687318
252,126,2023,0.007864766090593925,0.007864766090593707,-0.021981355015689364
252,126,2024,,,
252,252,2013,,,
252,252,2014,0.03191739269892072,0.03191739269892075,0.03776794649393924
252,252,2015,0.078834843382554,0.07883484338255414,0.07867864759801108
252,252,2016,0.02061970866000468,0.020619708660004704,0.020435467732534907
252,252,2017,0.0626663206450763,0.06266632064507648,0.06851561062212613
252,252,2018,-0.03413201375782109,-0.034132013757821114,-0.030055589558706998
252,252,2019,-0.06218850259200641,-0.06218850259200659,-0.07288993820961975
252,252,2020,-0.011771049669548068,-0.01177104966954807,-0.04682238826969262
252,252,2021,0.025469147359117896,0.02546914735911822,0.039492739960817896
252,252,2022,-0.018966305959939544,-0.01896630595993975,-0.031626217509143704
252,252,2023,-0.03925826954618104,-0.039258269546181404,-0.039973153152008646
252,252,2024,,,
